Date,QuantitySold,AvgTemperatureCelsius,InventoryNewStock,InventoryStockOnHand,DayOfYear,WeekOfYear
2016-09-01,22204,21.4,100000,77796,245,35
2016-09-02,17834,28.61,0,59962,246,35
2016-09-03,24935,28.15,100000,135027,247,35
2016-09-04,14190,26.24,0,120837,248,35
2016-09-05,22827,27.42,0,98010,249,36
2016-09-06,23807,32.81,0,74203,250,36
2016-09-07,22056,24.35,0,52147,251,36
2016-09-08,15267,24.28,100000,136880,252,36
2016-09-09,15850,22,0,121030,253,36
2016-09-10,19279,30.44,0,101751,254,36
2016-09-11,21888,28.33,0,79863,255,36
2016-09-12,20466,23.91,0,59397,256,37
2016-09-13,21262,31.46,100000,138135,257,37
2016-09-14,28257,25.71,0,109878,258,37
2016-09-15,31688,28.1,0,78190,259,37
2016-09-16,29809,21.4,100000,148381,260,37
2016-09-17,26216,23.07,0,122165,261,37
2016-09-18,31100,29.63,0,91065,262,37
2016-09-19,24507,26.59,0,66558,263,38
2016-09-20,31085,31.28,100000,135473,264,38
2016-09-21,29580,28.91,0,105893,265,38
2016-09-22,34475,30.04,0,71418,266,38
2016-09-23,40201,24.39,100000,131217,267,38
2016-09-24,34662,25.14,0,96555,268,38
2016-09-25,33338,27.37,0,63217,269,38
2016-09-26,36770,26.18,100000,126447,270,39
2016-09-27,39822,26.18,0,86625,271,39
2016-09-28,38755,27.6,100000,147870,272,39
2016-09-29,44517,31.44,0,103353,273,39
2016-09-30,39735,32.88,0,63618,274,39
2016-10-01,51170,24.39,100000,112448,275,39
2016-10-02,47926,27.79,0,64522,276,39
2016-10-03,50535,28.02,100000,113987,277,40
2016-10-04,55554,30.23,0,58433,278,40
2016-10-05,62908,26.43,100000,95525,279,40
2016-10-06,20645,28.74,0,74880,280,40
2016-10-07,20911,29.35,0,53969,281,40
2016-10-08,20677,28.2,100000,133292,282,40
2016-10-09,22223,22.96,0,111069,283,40
2016-10-10,27925,29.82,0,83144,284,41
2016-10-11,16915,29,0,66229,285,41
2016-10-12,20208,21.88,100000,146021,286,41
2016-10-13,23878,28.97,0,122143,287,41
2016-10-14,22863,19.3,0,99280,288,41
2016-10-15,24978,27.3,0,74302,289,41
2016-10-16,23234,23.05,0,51068,290,41
2016-10-17,28164,19.88,100000,122904,291,42
2016-10-18,27307,16.92,0,95597,292,42
2016-10-19,28210,18.57,0,67387,293,42
2016-10-20,25904,19.49,100000,141483,294,42
2016-10-21,24531,19.67,0,116952,295,42
2016-10-22,24513,21.75,0,92439,296,42
2016-10-23,18407,27.15,0,74032,297,42
2016-10-24,20437,21.77,0,53595,298,43
2016-10-25,21731,16.7,100000,131864,299,43
2016-10-26,22854,18.9,0,109010,300,43
2016-10-27,26987,17.65,0,82023,301,43
2016-10-28,20657,23.07,0,61366,302,43
2016-10-29,21838,23.49,100000,139528,303,43
2016-10-30,32651,15.68,0,106877,304,43
2016-10-31,24860,23.7,0,82017,305,44
2016-11-01,25667,17.72,0,56350,306,44
2016-11-02,26736,19.55,100000,129614,307,44
2016-11-03,25637,23.41,0,103977,308,44
2016-11-04,25099,18.72,0,78878,309,44
2016-11-05,27647,19.33,0,51231,310,44
2016-11-06,30320,15.14,100000,120911,311,44
2016-11-07,19679,21.32,0,101232,312,45
2016-11-08,20009,23,0,81223,313,45
2016-11-09,30194,19.37,0,51029,314,45
2016-11-10,25770,21.07,100000,125259,315,45
2016-11-11,26753,13.89,0,98506,316,45
2016-11-12,19976,22.3,0,78530,317,45
2016-11-13,26539,16.01,0,51991,318,45
2016-11-14,30851,18.43,100000,121140,319,46
2016-11-15,34804,22.13,0,86336,320,46
2016-11-16,29245,21.63,0,57091,321,46
2016-11-17,31496,16.9,100000,125595,322,46
2016-11-18,24221,15.88,0,101374,323,46
2016-11-19,35506,15.47,0,65868,324,46
2016-11-20,29602,20.29,100000,136266,325,46
2016-11-21,28617,19.21,0,107649,326,47
2016-11-22,31688,22.09,0,75961,327,47
2016-11-23,27147,14.06,100000,148814,328,47
2016-11-24,35007,22.03,0,113807,329,47
2016-11-25,25832,20.72,0,87975,330,47
2016-11-26,36397,22.15,0,51578,331,47
2016-11-27,31482,20.99,100000,120096,332,47
2016-11-28,31522,21.05,0,88574,333,48
2016-11-29,32214,13.22,0,56360,334,48
2016-11-30,32318,19.71,100000,124042,335,48
2016-12-01,32801,13.91,0,91241,336,48
2016-12-02,35261,16.2,0,55980,337,48
2016-12-03,37384,16,100000,118596,338,48
2016-12-04,34703,14.71,0,83893,339,48
2016-12-05,30674,17.3,0,53219,340,49
2016-12-06,28701,15.59,100000,124518,341,49
2016-12-07,39248,15.37,0,85270,342,49
2016-12-08,33516,13.56,0,51754,343,49
2016-12-09,38600,15.57,100000,113154,344,49
2016-12-10,37689,15.37,0,75465,345,49
2016-12-11,39479,12.67,100000,135986,346,49
2016-12-12,36120,9.69,0,99866,347,50
2016-12-13,31391,15.88,0,68475,348,50
2016-12-14,37802,10.54,100000,130673,349,50
2016-12-15,35283,18.25,0,95390,350,50
2016-12-16,35084,9.42,0,60306,351,50
2016-12-17,37623,16.44,100000,122683,352,50
2016-12-18,29975,7.01,0,92708,353,50
2016-12-19,39000,5.76,0,53708,354,51
2016-12-20,43463,6.46,100000,110245,355,51
2016-12-21,35310,7.39,0,74935,356,51
2016-12-22,38555,10.04,100000,136380,357,51
2016-12-23,39063,18.02,0,97317,358,51
2016-12-24,51766,16.62,100000,145551,359,51
2016-12-25,41091,9.38,0,104460,360,51
2016-12-26,32861,15.88,0,71599,361,52
2016-12-27,36838,14.88,100000,134761,362,52
2016-12-28,37918,12.39,0,96843,363,52
2016-12-29,37129,8.76,0,59714,364,52
2016-12-30,40923,13.98,100000,118791,365,52
2016-12-31,41766,15.32,0,77025,366,52
2017-01-01,44420,8.24,100000,132605,1,52
2017-01-02,38771,16.45,0,93834,2,1
2017-01-03,39771,12.72,0,54063,3,1
2017-01-04,45614,14.31,100000,108449,4,1
2017-01-05,36593,16.08,0,71856,5,1
2017-01-06,42721,15.15,100000,129135,6,1
2017-01-07,41625,16.8,0,87510,7,1
2017-01-08,30995,9.06,0,56515,8,1
2017-01-09,42469,10.35,100000,114046,9,2
2017-01-10,45302,13.26,0,68744,10,2
2017-01-11,50134,7.66,100000,118610,11,2
2017-01-12,47315,6.34,0,71295,12,2
2017-01-13,45261,6.73,100000,126034,13,2
2017-01-14,45081,6.88,0,80953,14,2
2017-01-15,45762,8.74,100000,135191,15,2
2017-01-16,45028,10.09,0,90163,16,3
2017-01-17,52276,6.51,100000,137887,17,3
2017-01-18,50741,14.27,0,87146,18,3
2017-01-19,52047,14.28,100000,135099,19,3
2017-01-20,45530,9.63,0,89569,20,3
2017-01-21,43220,10.83,100000,146349,21,3
2017-01-22,45400,15.86,0,100949,22,3
2017-01-23,50795,18.47,0,50154,23,4
2017-01-24,52122,10.93,100000,98032,24,4
2017-01-25,51021,12.44,100000,147011,25,4
2017-01-26,48431,8.6,0,98580,26,4
2017-01-27,48035,14.44,0,50545,27,4
2017-01-28,46576,11.21,100000,103969,28,4
2017-01-29,56708,14.37,100000,147261,29,4
2017-01-30,56160,12.85,0,91101,30,5
2017-01-31,58458,9.11,100000,132643,31,5
2017-02-01,51740,12.11,0,80903,32,5
2017-02-02,48933,19.47,100000,131970,33,5
2017-02-03,57183,14.57,0,74787,34,5
2017-02-04,56432,19.43,100000,118355,35,5
2017-02-05,52644,14.03,0,65711,36,5
2017-02-06,50638,11.69,100000,115073,37,6
2017-02-07,59674,10.45,0,55399,38,6
2017-02-08,46947,19.34,100000,108452,39,6
2017-02-09,55441,15.5,0,53011,40,6
2017-02-10,50456,21.26,100000,102555,41,6
2017-02-11,53414,17.57,100000,149141,42,6
2017-02-12,57464,16.39,0,91677,43,6
2017-02-13,52197,16.7,100000,139480,44,7
2017-02-14,57137,17.28,0,82343,45,7
2017-02-15,53163,19.63,100000,129180,46,7
2017-02-16,61111,18.18,0,68069,47,7
2017-02-17,50925,13.99,100000,117144,48,7
2017-02-18,59455,21.96,0,57689,49,7
2017-02-19,63223,13.97,100000,94466,50,7
2017-02-20,62568,14.02,100000,131898,51,8
2017-02-21,64136,17.35,0,67762,52,8
2017-02-22,61789,17.82,100000,105973,53,8
2017-02-23,58667,15.6,100000,147306,54,8
2017-02-24,56860,19.88,0,90446,55,8
2017-02-25,63258,25.92,100000,127188,56,8
2017-02-26,65688,19.66,0,61500,57,8
2017-02-27,61944,23.6,100000,99556,58,9
2017-02-28,62940,25.77,100000,136616,59,9
2017-03-01,59209,21.6,0,77407,60,9
2017-03-02,59591,20.14,100000,117816,61,9
2017-03-03,66020,20.86,0,51796,62,9
2017-03-04,62356,19.85,100000,89440,63,9
2017-03-05,61992,19.65,100000,127448,64,9
2017-03-06,62760,21.89,0,64688,65,10
2017-03-07,72220,28.85,100000,92468,66,10
2017-03-08,64684,27.31,100000,127784,67,10
2017-03-09,63026,23.54,0,64758,68,10
2017-03-10,68777,20.98,100000,95981,69,10
2017-03-11,67220,27.87,100000,128761,70,10
2017-03-12,71475,27.21,0,57286,71,10
2017-03-13,67884,19.98,100000,89402,72,11
2017-03-14,64825,18.67,100000,124577,73,11
2017-03-15,64435,21.02,0,60142,74,11
2017-03-16,69488,19.7,100000,90654,75,11
2017-03-17,65170,25.68,100000,125484,76,11
2017-03-18,71041,24.67,0,54443,77,11
2017-03-19,63413,25.83,100000,91030,78,11
2017-03-20,64744,22.33,100000,126286,79,12
2017-03-21,72093,23.16,0,54193,80,12
2017-03-22,72486,25.95,100000,81707,81,12
2017-03-23,72471,22.73,100000,109236,82,12
2017-03-24,73104,27.51,100000,136132,83,12
2017-03-25,73021,19.15,0,63111,84,12
2017-03-26,72067,27.56,100000,91044,85,12
2017-03-27,74346,24.19,100000,116698,86,13
2017-03-28,68910,24.1,100000,147788,87,13
2017-03-29,76762,26.74,0,71026,88,13
2017-03-30,74479,28.33,100000,96547,89,13
2017-03-31,79350,28.79,100000,117197,90,13
2017-04-01,75858,30.46,100000,141339,91,13
2017-04-02,77427,28.06,0,63912,92,13
2017-04-03,79843,25.91,100000,84069,93,14
2017-04-04,75716,29.89,100000,108353,94,14
2017-04-05,72859,28.19,100000,135494,95,14
2017-04-06,81739,28.59,0,53755,96,14
2017-04-07,76004,31.37,100000,77751,97,14
2017-04-08,77116,24.59,100000,100635,98,14
2017-04-09,77810,28.06,100000,122825,99,14
2017-04-10,83008,23.17,100000,139817,100,15
2017-04-11,83499,30.89,0,56318,101,15
2017-04-12,82154,34.01,100000,74164,102,15
2017-04-13,79036,30.6,100000,95128,103,15
2017-04-14,77732,28.45,100000,117396,104,15
2017-04-15,82444,27.74,100000,134952,105,15
2017-04-16,79905,33.98,0,55047,106,15
2017-04-17,85504,28.11,100000,69543,107,16
2017-04-18,95690,31.53,100000,73853,108,16
2017-04-19,85658,27.69,100000,88195,109,16
2017-04-20,89834,23.23,100000,98361,110,16
2017-04-21,83461,24.59,100000,114900,111,16
2017-04-22,89440,30.48,100000,125460,112,16
2017-04-23,83618,22.83,100000,141842,113,16
2017-04-24,82579,28.03,0,59263,114,17
2017-04-25,86432,25.48,100000,72831,115,17
2017-04-26,86759,31.11,100000,86072,116,17
2017-04-27,88695,27.68,100000,97377,117,17
2017-04-28,91129,32.76,100000,106248,118,17
2017-04-29,88711,37.75,100000,117537,119,17
2017-04-30,93640,38.69,100000,123897,120,17
2017-05-01,94012,33.62,100000,129885,121,18
2017-05-02,94613,31.74,100000,135272,122,18
2017-05-03,94417,30.57,100000,140855,123,18
2017-05-04,100409,36.78,100000,140446,124,18
2017-05-05,93236,31,100000,147210,125,18
2017-05-06,99768,34.58,100000,147442,126,18
2017-05-07,96110,29.5,0,51332,127,18
2017-05-08,99091,27.58,100000,52241,128,19
2017-05-09,92878,29.54,100000,59363,129,19
2017-05-10,94095,32.93,100000,65268,130,19
2017-05-11,99708,34.21,100000,65560,131,19
2017-05-12,86372,34.62,100000,79188,132,19
2017-05-13,97832,32.02,100000,81356,133,19
2017-05-14,103509,30.15,100000,77847,134,19
2017-05-15,96322,30.3,100000,81525,135,20
2017-05-16,95068,33.98,100000,86457,136,20
2017-05-17,99073,30.59,100000,87384,137,20
2017-05-18,98928,22.39,100000,88456,138,20
2017-05-19,102107,17,100000,86349,139,20
2017-05-20,95957,19.99,100000,90392,140,20
2017-05-21,113766,26.19,100000,76626,141,20
2017-05-22,102032,34.31,100000,74594,142,21
2017-05-23,98329,32.85,100000,76265,143,21
2017-05-24,106469,27.52,100000,69796,144,21
2017-05-25,99593,36.54,100000,70203,145,21
2017-05-26,101528,36.79,100000,68675,146,21
2017-05-27,100515,31.69,100000,68160,147,21
2017-05-28,108009,36.52,100000,60151,148,21
2017-05-29,106783,33.18,100000,53368,149,22
2017-05-30,108168,32.64,200000,145200,150,22
2017-05-31,111591,37.43,100000,133609,151,22
2017-06-01,110386,29.67,100000,123223,152,22
2017-06-02,106865,36.76,100000,116358,153,22
2017-06-03,105401,37.52,100000,110957,154,22
2017-06-04,110909,35.28,100000,100048,155,22
2017-06-05,114544,33.47,100000,85504,156,23
2017-06-06,117628,36.77,100000,67876,157,23
2017-06-07,117203,37.13,100000,50673,158,23
2017-06-08,119708,34.35,200000,130965,159,23
2017-06-09,119841,39.66,100000,111124,160,23
2017-06-10,120267,39.95,100000,90857,161,23
2017-06-11,117313,39.14,100000,73544,162,23
2017-06-12,119397,35.61,100000,54147,163,24
2017-06-13,121355,34.33,200000,132792,164,24
2017-06-14,118228,30.25,100000,114564,165,24
2017-06-15,109391,33.27,100000,105173,166,24
2017-06-16,117264,36.1,100000,87909,167,24
2017-06-17,123224,33.86,100000,64685,168,24
2017-06-18,122055,25.59,200000,142630,169,24
2017-06-19,116798,26.54,100000,125832,170,25
2017-06-20,122524,29.95,100000,103308,171,25
2017-06-21,123251,32.13,100000,80057,172,25
2017-06-22,122454,38.05,100000,57603,173,25
2017-06-23,122616,39.4,200000,134987,174,25
2017-06-24,118276,36.58,100000,116711,175,25
2017-06-25,124741,34.71,100000,91970,176,25
2017-06-26,120054,37.75,100000,71916,177,26
2017-06-27,122014,35.94,200000,149902,178,26
2017-06-28,116180,35.74,100000,133722,179,26
2017-06-29,131384,35.1,100000,102338,180,26
2017-06-30,128382,39.26,100000,73956,181,26
2017-07-01,129450,41.29,200000,144506,182,26
2017-07-02,127066,36.69,100000,117440,183,26
2017-07-03,127515,34.77,100000,89925,184,27
2017-07-04,128766,40.94,100000,61159,185,27
2017-07-05,128379,32.07,200000,132780,186,27
2017-07-06,133860,36.76,100000,98920,187,27
2017-07-07,135755,33,100000,63165,188,27
2017-07-08,139931,41.82,200000,123234,189,27
2017-07-09,129597,35.16,100000,93637,190,27
2017-07-10,135682,34.86,100000,57955,191,28
2017-07-11,143671,38.08,200000,114284,192,28
2017-07-12,137483,32.53,100000,76801,193,28
2017-07-13,139327,23.64,200000,137474,194,28
2017-07-14,137662,27.14,100000,99812,195,28
2017-07-15,138062,30.7,100000,61750,196,28
2017-07-16,136514,37.28,200000,125236,197,28
2017-07-17,143308,39.32,100000,81928,198,29
2017-07-18,132979,25.88,200000,148949,199,29
2017-07-19,142831,21.96,100000,106118,200,29
2017-07-20,140486,26.92,100000,65632,201,29
2017-07-21,145841,26.49,200000,119791,202,29
2017-07-22,142656,30.98,100000,77135,203,29
2017-07-23,141587,23.17,200000,135548,204,29
2017-07-24,146170,30.45,100000,89378,205,30
2017-07-25,145171,26.97,200000,144207,206,30
2017-07-26,146568,27.79,100000,97639,207,30
2017-07-27,138195,24.23,100000,59444,208,30
2017-07-28,148237,23.7,200000,111207,209,30
2017-07-29,150723,32.34,100000,60484,210,30
2017-07-30,150254,27.41,200000,110230,211,30
2017-07-31,159183,29.39,100000,51047,212,31
2017-08-01,150861,31.62,200000,100186,213,31
2017-08-02,152188,29.2,200000,147998,214,31
2017-08-03,152250,30.25,100000,95748,215,31
2017-08-04,155816,33.13,200000,139932,216,31
2017-08-05,151064,33.7,100000,88868,217,31
2017-08-06,153436,31.21,200000,135432,218,31
2017-08-07,149011,23.57,100000,86421,219,32
2017-08-08,155697,24.29,200000,130724,220,32
2017-08-09,159714,29.89,100000,71010,221,32
2017-08-10,163746,32.05,200000,107264,222,32
2017-08-11,153158,29.84,100000,54106,223,32
2017-08-12,157915,32.49,200000,96191,224,32
2017-08-13,170914,31.13,200000,125277,225,32
2017-08-14,158945,33.97,100000,66332,226,33
2017-08-15,166028,27.5,200000,100304,227,33
2017-08-16,165816,26.86,200000,134488,228,33
2017-08-17,165493,32.34,100000,68995,229,33
2017-08-18,166034,32.49,200000,102961,230,33
2017-08-19,158866,29.53,200000,144095,231,33
2017-08-20,166548,25.22,100000,77547,232,33
2017-08-21,171623,23.15,200000,105924,233,34
2017-08-22,167178,31.52,200000,138746,234,34
2017-08-23,167243,27.82,100000,71503,235,34
2017-08-24,166235,34.34,200000,105268,236,34
2017-08-25,167497,29.04,200000,137771,237,34
2017-08-26,166053,33.7,100000,71718,238,34
2017-08-27,162633,27.3,200000,109085,239,34
2017-08-28,174420,29.87,200000,134665,240,35
2017-08-29,168615,25.43,100000,66050,241,35
2017-08-30,172887,25.03,200000,93163,242,35
2017-08-31,175379,24.37,200000,117784,243,35
2017-09-01,51898,26.94,0,65886,244,35
2017-09-02,54314,21.08,100000,111572,245,35
2017-09-03,45167,24.32,0,66405,246,35
2017-09-04,46256,21.49,100000,120149,247,36
2017-09-05,41799,24.3,0,78350,248,36
2017-09-06,38103,33.53,100000,140247,249,36
2017-09-07,50355,28.86,0,89892,250,36
2017-09-08,46895,29.74,100000,142997,251,36
2017-09-09,46879,28.8,0,96118,252,36
2017-09-10,54801,31.59,100000,141317,253,36
2017-09-11,51725,21.81,0,89592,254,37
2017-09-12,52462,27.28,100000,137130,255,37
2017-09-13,52031,33.23,0,85099,256,37
2017-09-14,48956,25.01,100000,136143,257,37
2017-09-15,42456,28.87,0,93687,258,37
2017-09-16,46800,25.22,100000,146887,259,37
2017-09-17,54511,18.73,0,92376,260,37
2017-09-18,55005,22.32,100000,137371,261,38
2017-09-19,60198,23.16,0,77173,262,38
2017-09-20,49927,24.67,100000,127246,263,38
2017-09-21,59709,24.56,0,67537,264,38
2017-09-22,53639,27.91,100000,113898,265,38
2017-09-23,60240,23.29,0,53658,266,38
2017-09-24,58119,26.81,100000,95539,267,38
2017-09-25,66773,26.9,100000,128766,268,39
2017-09-26,69066,23.49,0,59700,269,39
2017-09-27,70455,23.33,100000,89245,270,39
2017-09-28,73868,31.87,100000,115377,271,39
2017-09-29,69864,23.12,100000,145513,272,39
2017-09-30,67823,29.8,0,77690,273,39
2017-10-01,73461,32.71,100000,104229,274,39
2017-10-02,75298,26.5,100000,128931,275,40
2017-10-03,78332,25.84,0,50599,276,40
2017-10-04,83106,25.06,100000,67493,277,40
2017-10-05,86921,31.67,100000,80572,278,40
2017-10-06,44028,23.77,100000,136544,279,40
2017-10-07,51686,28.37,0,84858,280,40
2017-10-08,49798,29.46,100000,135060,281,40
2017-10-09,45122,27.07,0,89938,282,41
2017-10-10,49784,23.21,100000,140154,283,41
2017-10-11,48075,23.73,0,92079,284,41
2017-10-12,50648,30.48,100000,141431,285,41
2017-10-13,52384,25.1,0,89047,286,41
2017-10-14,47916,27.93,100000,141131,287,41
2017-10-15,54169,23.02,0,86962,288,41
2017-10-16,50453,25.74,100000,136509,289,42
2017-10-17,47657,18.36,0,88852,290,42
2017-10-18,54108,17.82,100000,134744,291,42
2017-10-19,53464,23.21,0,81280,292,42
2017-10-20,47087,22.7,100000,134193,293,42
2017-10-21,54052,21.84,0,80141,294,42
2017-10-22,56387,23.97,100000,123754,295,42
2017-10-23,56001,26.22,0,67753,296,43
2017-10-24,51904,25.13,100000,115849,297,43
2017-10-25,53651,17.94,0,62198,298,43
2017-10-26,55053,19.55,100000,107145,299,43
2017-10-27,52024,22.72,0,55121,300,43
2017-10-28,51787,21.32,100000,103334,301,43
2017-10-29,50879,22.42,0,52455,302,43
2017-10-30,50486,19.82,100000,101969,303,44
2017-10-31,50800,18.43,0,51169,304,44
2017-11-01,56514,16.67,100000,94655,305,44
2017-11-02,43061,24.05,0,51594,306,44
2017-11-03,59192,22.63,100000,92402,307,44
2017-11-04,55569,22.96,100000,136833,308,44
2017-11-05,52149,20.19,0,84684,309,44
2017-11-06,50854,24.74,100000,133830,310,45
2017-11-07,52861,18.64,0,80969,311,45
2017-11-08,54771,14.94,100000,126198,312,45
2017-11-09,56491,18.55,0,69707,313,45
2017-11-10,51122,14.84,100000,118585,314,45
2017-11-11,62941,18.23,0,55644,315,45
2017-11-12,61622,21.35,100000,94022,316,45
2017-11-13,53369,16.37,100000,140653,317,46
2017-11-14,56531,21.44,0,84122,318,46
2017-11-15,53036,16.68,100000,131086,319,46
2017-11-16,55419,18.96,0,75667,320,46
2017-11-17,58411,14.63,100000,117256,321,46
2017-11-18,48712,17.64,0,68544,322,46
2017-11-19,60622,20.25,100000,107922,323,46
2017-11-20,51579,13.31,0,56343,324,47
2017-11-21,67962,20.37,100000,88381,325,47
2017-11-22,57856,20,100000,130525,326,47
2017-11-23,59350,19.9,0,71175,327,47
2017-11-24,51986,20.33,100000,119189,328,47
2017-11-25,61805,13.07,0,57384,329,47
2017-11-26,58443,15.66,100000,98941,330,47
2017-11-27,55085,22.05,100000,143856,331,48
2017-11-28,62709,22.47,0,81147,332,48
2017-11-29,66057,18.61,100000,115090,333,48
2017-11-30,64761,15.04,0,50329,334,48
2017-12-01,55861,12.73,100000,94468,335,48
2017-12-02,60544,17.48,100000,133924,336,48
2017-12-03,64466,16.13,0,69458,337,48
2017-12-04,61540,18.87,100000,107918,338,49
2017-12-05,59532,16.08,100000,148386,339,49
2017-12-06,65219,16.05,0,83167,340,49
2017-12-07,61632,12.54,100000,121535,341,49
2017-12-08,57253,16.11,0,64282,342,49
2017-12-09,65301,16.23,100000,98981,343,49
2017-12-10,58542,18.77,100000,140439,344,49
2017-12-11,61402,10.78,0,79037,345,50
2017-12-12,60947,17.74,100000,118090,346,50
2017-12-13,64774,11.81,0,53316,347,50
2017-12-14,64642,18.19,100000,88674,348,50
2017-12-15,64175,18.18,100000,124499,349,50
2017-12-16,62368,12.73,0,62131,350,50
2017-12-17,66462,14.61,100000,95669,351,50
2017-12-18,63130,11.79,100000,132539,352,51
2017-12-19,61231,7,0,71308,353,51
2017-12-20,60382,15.76,100000,110926,354,51
2017-12-21,67977,9.27,100000,142949,355,51
2017-12-22,64355,13.03,0,78594,356,51
2017-12-23,65618,11.16,100000,112976,357,51
2017-12-24,71607,13.44,100000,141369,358,51
2017-12-25,64206,17.28,0,77163,359,52
2017-12-26,62364,15.6,100000,114799,360,52
2017-12-27,68948,10.35,100000,145851,361,52
2017-12-28,71667,14.58,0,74184,362,52
2017-12-29,72141,10.18,100000,102043,363,52
2017-12-30,64627,16,100000,137416,364,52
2017-12-31,65762,7.11,0,71654,365,52
2018-01-01,77011,7.83,100000,94643,1,1
2018-01-02,65582,16.37,100000,129061,2,1
2018-01-03,67983,13.79,0,61078,3,1
2018-01-04,67741,13.66,100000,93337,4,1
2018-01-05,62910,15.05,100000,130427,5,1
2018-01-06,69741,18.95,0,60686,6,1
2018-01-07,64546,17.49,100000,96140,7,1
2018-01-08,62784,14.92,100000,133356,8,2
2018-01-09,74407,9.66,0,58949,9,2
2018-01-10,68582,9.75,100000,90367,10,2
2018-01-11,76328,14,100000,114039,11,2
2018-01-12,71478,15.3,100000,142561,12,2
2018-01-13,67365,14.23,0,75196,13,2
2018-01-14,67626,5.01,100000,107570,14,2
2018-01-15,71135,6.45,100000,136435,15,3
2018-01-16,67890,11.23,0,68545,16,3
2018-01-17,76517,15.5,100000,92028,17,3
2018-01-18,69175,13.16,100000,122853,18,3
2018-01-19,76869,16.64,100000,145984,19,3
2018-01-20,75448,8.77,0,70536,20,3
2018-01-21,77596,12.53,100000,92940,21,3
2018-01-22,73791,15.46,100000,119149,22,4
2018-01-23,77302,12.6,100000,141847,23,4
2018-01-24,86972,13.36,0,54875,24,4
2018-01-25,74926,6.76,100000,79949,25,4
2018-01-26,71075,11.87,100000,108874,26,4
2018-01-27,77729,6.08,100000,131145,27,4
2018-01-28,80969,12.45,0,50176,28,4
2018-01-29,84768,15.74,100000,65408,29,5
2018-01-30,76572,15.59,100000,88836,30,5
2018-01-31,76893,9.96,100000,111943,31,5
2018-02-01,78281,14.55,100000,133662,32,5
2018-02-02,92346,16.6,100000,141316,33,5
2018-02-03,85560,16.98,0,55756,34,5
2018-02-04,83944,11.44,100000,71812,35,5
2018-02-05,82079,9.88,100000,89733,36,6
2018-02-06,79546,14.43,100000,110187,37,6
2018-02-07,82365,17.86,100000,127822,38,6
2018-02-08,71744,15.16,0,56078,39,6
2018-02-09,82096,14.83,100000,73982,40,6
2018-02-10,89714,19.25,100000,84268,41,6
2018-02-11,83842,19.02,100000,100426,42,6
2018-02-12,86261,18.28,100000,114165,43,7
2018-02-13,77535,16.92,100000,136630,44,7
2018-02-14,82468,13.61,0,54162,45,7
2018-02-15,82976,13.44,100000,71186,46,7
2018-02-16,87637,17.48,100000,83549,47,7
2018-02-17,85118,21.91,100000,98431,48,7
2018-02-18,81337,17.43,100000,117094,49,7
2018-02-19,89240,16.28,100000,127854,50,8
2018-02-20,87421,13.26,100000,140433,51,8
2018-02-21,98398,18.86,100000,142035,52,8
2018-02-22,86677,19.58,0,55358,53,8
2018-02-23,88724,17.11,100000,66634,54,8
2018-02-24,87845,20.15,100000,78789,55,8
2018-02-25,85123,17.72,100000,93666,56,8
2018-02-26,87795,24.57,100000,105871,57,9
2018-02-27,88545,21.56,100000,117326,58,9
2018-02-28,90968,20.23,100000,126358,59,9
2018-03-01,87224,24.07,100000,139134,60,9
2018-03-02,91511,18.09,100000,147623,61,9
2018-03-03,97355,18.07,0,50268,62,9
2018-03-04,93597,23.66,100000,56671,63,9
2018-03-05,90870,17.85,100000,65801,64,10
2018-03-06,85467,19.23,100000,80334,65,10
2018-03-07,91722,27.61,100000,88612,66,10
2018-03-08,97995,28.87,100000,90617,67,10
2018-03-09,90251,29.46,100000,100366,68,10
2018-03-10,94240,26.42,100000,106126,69,10
2018-03-11,89692,28.08,100000,116434,70,10
2018-03-12,96592,22.46,100000,119842,71,11
2018-03-13,93274,25.85,100000,126568,72,11
2018-03-14,99326,22.49,100000,127242,73,11
2018-03-15,96565,24.16,100000,130677,74,11
2018-03-16,101663,27.55,100000,129014,75,11
2018-03-17,95149,26.36,100000,133865,76,11
2018-03-18,101537,24.31,100000,132328,77,11
2018-03-19,101594,27.31,100000,130734,78,12
2018-03-20,92805,28.44,100000,137929,79,12
2018-03-21,99957,24.42,100000,137972,80,12
2018-03-22,97981,25.86,100000,139991,81,12
2018-03-23,104712,24.11,100000,135279,82,12
2018-03-24,101138,28.78,100000,134141,83,12
2018-03-25,109566,25.05,100000,124575,84,12
2018-03-26,95653,26,100000,128922,85,13
2018-03-27,98924,21.6,100000,129998,86,13
2018-03-28,92893,23.86,100000,137105,87,13
2018-03-29,102467,28.12,100000,134638,88,13
2018-03-30,96900,33.82,100000,137738,89,13
2018-03-31,104835,27.28,100000,132903,90,13
2018-04-01,90230,29.64,100000,142673,91,13
2018-04-02,101516,28.89,100000,141157,92,14
2018-04-03,104717,23.01,100000,136440,93,14
2018-04-04,102928,23.87,100000,133512,94,14
2018-04-05,110782,25.85,100000,122730,95,14
2018-04-06,102098,28.88,100000,120632,96,14
2018-04-07,101362,28.36,100000,119270,97,14
2018-04-08,102592,26.63,100000,116678,98,14
2018-04-09,112772,22.73,100000,103906,99,15
2018-04-10,102104,26.57,100000,101802,100,15
2018-04-11,109037,28.67,100000,92765,101,15
2018-04-12,109660,29.52,100000,83105,102,15
2018-04-13,108976,30.97,100000,74129,103,15
2018-04-14,113838,33.11,100000,60291,104,15
2018-04-15,110187,32.73,100000,50104,105,15
2018-04-16,107303,25.43,200000,142801,106,16
2018-04-17,107161,25.04,100000,135640,107,16
2018-04-18,113694,32.73,100000,121946,108,16
2018-04-19,119426,31.76,100000,102520,109,16
2018-04-20,115998,27.04,100000,86522,110,16
2018-04-21,111621,28.34,100000,74901,111,16
2018-04-22,116410,24.16,100000,58491,112,16
2018-04-23,123525,28.37,200000,134966,113,17
2018-04-24,115890,22.28,100000,119076,114,17
2018-04-25,112432,23.19,100000,106644,115,17
2018-04-26,118843,26.13,100000,87801,116,17
2018-04-27,117285,28.88,100000,70516,117,17
2018-04-28,118795,34.37,100000,51721,118,17
2018-04-29,111789,29.97,200000,139932,119,17
2018-04-30,119945,36.17,100000,119987,120,18
2018-05-01,112648,31.29,100000,107339,121,18
2018-05-02,119988,26.73,100000,87351,122,18
2018-05-03,115259,28.82,100000,72092,123,18
2018-05-04,114612,33.56,100000,57480,124,18
2018-05-05,115595,35.89,200000,141885,125,18
2018-05-06,125015,36.43,100000,116870,126,18
2018-05-07,128062,28.8,100000,88808,127,19
2018-05-08,127541,27.68,100000,61267,128,19
2018-05-09,127310,34.7,200000,133957,129,19
2018-05-10,123422,27.34,100000,110535,130,19
2018-05-11,128325,30.73,100000,82210,131,19
2018-05-12,123024,33.72,100000,59186,132,19
2018-05-13,126292,26.15,200000,132894,133,19
2018-05-14,120533,34.34,100000,112361,134,20
2018-05-15,131384,29.65,100000,80977,135,20
2018-05-16,130385,30.85,100000,50592,136,20
2018-05-17,121272,36.52,200000,129320,137,20
2018-05-18,129210,24.52,100000,100110,138,20
2018-05-19,119716,24.09,100000,80394,139,20
2018-05-20,134893,20.35,200000,145501,140,20
2018-05-21,134701,31.44,100000,110800,141,21
2018-05-22,133553,34.01,100000,77247,142,21
2018-05-23,127875,26.79,200000,149372,143,21
2018-05-24,131982,29.83,100000,117390,144,21
2018-05-25,136179,35.59,100000,81211,145,21
2018-05-26,127999,37.63,100000,53212,146,21
2018-05-27,128998,34.44,200000,124214,147,21
2018-05-28,137755,32.89,100000,86459,148,22
2018-05-29,137599,38.04,200000,148860,149,22
2018-05-30,134741,35.44,100000,114119,150,22
2018-05-31,131470,34.78,100000,82649,151,22
2018-06-01,136815,34.46,200000,145834,152,22
2018-06-02,133694,32.55,100000,112140,153,22
2018-06-03,144073,34.37,100000,68067,154,22
2018-06-04,130754,31.03,200000,137313,155,23
2018-06-05,135056,32.61,100000,102257,156,23
2018-06-06,139724,31.19,100000,62533,157,23
2018-06-07,136448,36.47,200000,126085,158,23
2018-06-08,144102,38.51,100000,81983,159,23
2018-06-09,142627,36.87,200000,139356,160,23
2018-06-10,139746,38.4,100000,99610,161,23
2018-06-11,147911,40.12,100000,51699,162,24
2018-06-12,142560,37.64,200000,109139,163,24
2018-06-13,150629,31.45,100000,58510,164,24
2018-06-14,140164,39.38,200000,118346,165,24
2018-06-15,149865,36.24,100000,68481,166,24
2018-06-16,143587,30.27,200000,124894,167,24
2018-06-17,144592,32.03,100000,80302,168,24
2018-06-18,138996,30.64,200000,141306,169,25
2018-06-19,146550,25.29,100000,94756,170,25
2018-06-20,144637,30.16,100000,50119,171,25
2018-06-21,145004,30.28,200000,105115,172,25
2018-06-22,152440,36.36,100000,52675,173,25
2018-06-23,149572,40.61,200000,103103,174,25
2018-06-24,152332,32.08,100000,50771,175,25
2018-06-25,156617,37.17,200000,94154,176,26
2018-06-26,151877,30.92,200000,142277,177,26
2018-06-27,153299,39.88,100000,88978,178,26
2018-06-28,153206,31.13,200000,135772,179,26
2018-06-29,156403,39.6,100000,79369,180,26
2018-06-30,152703,42.64,200000,126666,181,26
2018-07-01,150885,40.59,100000,75781,182,26
2018-07-02,163969,33.7,200000,111812,183,27
2018-07-03,157635,34.02,100000,54177,184,27
2018-07-04,157813,39.31,200000,96364,185,27
2018-07-05,162599,39.07,200000,133765,186,27
2018-07-06,152687,35.2,100000,81078,187,27
2018-07-07,158872,36.3,200000,122206,188,27
2018-07-08,159497,42.17,100000,62709,189,27
2018-07-09,162288,40.3,200000,100421,190,28
2018-07-10,163561,35.61,200000,136860,191,28
2018-07-11,167360,30.46,100000,69500,192,28
2018-07-12,158884,23.21,200000,110616,193,28
2018-07-13,159200,26.5,100000,51416,194,28
2018-07-14,172466,22.21,200000,78950,195,28
2018-07-15,167402,27.39,200000,111548,196,28
2018-07-16,169912,28.12,200000,141636,197,29
2018-07-17,169289,33.32,100000,72347,198,29
2018-07-18,166781,26.28,200000,105566,199,29
2018-07-19,168492,21.22,200000,137074,200,29
2018-07-20,174948,23.63,100000,62126,201,29
2018-07-21,169212,31.39,200000,92914,202,29
2018-07-22,163002,28.72,200000,129912,203,29
2018-07-23,163471,23.92,100000,66441,204,30
2018-07-24,175639,32.58,200000,90802,205,30
2018-07-25,179246,34.76,200000,111556,206,30
2018-07-26,174192,34.85,200000,137364,207,30
2018-07-27,168157,26.36,100000,69207,208,30
2018-07-28,174158,31.32,200000,95049,209,30
2018-07-29,178457,23.77,200000,116592,210,30
2018-07-30,176145,27.42,200000,140447,211,31
2018-07-31,173956,27.21,100000,66491,212,31
2018-08-01,174302,25.73,200000,92189,213,31
2018-08-02,178575,26.45,200000,113614,214,31
2018-08-03,170767,25,200000,142847,215,31
2018-08-04,178255,26.39,100000,64592,216,31
2018-08-05,179574,33.9,200000,85018,217,31
2018-08-06,180524,29.54,200000,104494,218,32
2018-08-07,178378,28.77,200000,126116,219,32
2018-08-08,184568,30.71,200000,141548,220,32
2018-08-09,181616,32.81,100000,59932,221,32
2018-08-10,184276,34.36,200000,75656,222,32
2018-08-11,187309,32.03,200000,88347,223,32
2018-08-12,184120,34.46,200000,104227,224,32
2018-08-13,181282,28.5,200000,122945,225,33
2018-08-14,189905,33.63,200000,133040,226,33
2018-08-15,186738,28.16,200000,146302,227,33
2018-08-16,188040,35.33,100000,58262,228,33
2018-08-17,192969,26.78,200000,65293,229,33
2018-08-18,187374,28.61,200000,77919,230,33
2018-08-19,191636,32.15,200000,86283,231,33
2018-08-20,192523,25.66,200000,93760,232,34
2018-08-21,197780,28.47,200000,95980,233,34
2018-08-22,193486,28.18,200000,102494,234,34
2018-08-23,189053,26.1,200000,113441,235,34
2018-08-24,195918,34.23,200000,117523,236,34
2018-08-25,196856,28.8,200000,120667,237,34
2018-08-26,194819,26.86,200000,125848,238,34
2018-08-27,203905,32.06,200000,121943,239,35
2018-08-28,193779,24.28,200000,128164,240,35
2018-08-29,197275,24.25,200000,130889,241,35
2018-08-30,199615,26.47,200000,131274,242,35
2018-08-31,200948,22.74,200000,130326,243,35
2018-09-01,72843,21.41,0,57483,244,35
2018-09-02,74970,24.2,100000,82513,245,35
2018-09-03,66327,25.82,100000,116186,246,36
2018-09-04,67474,25.58,100000,148712,247,36
2018-09-05,71505,27.01,0,77207,248,36
2018-09-06,70391,25.29,100000,106816,249,36
2018-09-07,76619,24.85,100000,130197,250,36
2018-09-08,74473,23.59,0,55724,251,36
2018-09-09,81535,29.65,100000,74189,252,36
2018-09-10,77181,22.67,100000,97008,253,37
2018-09-11,76063,21.59,100000,120945,254,37
2018-09-12,78916,27.44,100000,142029,255,37
2018-09-13,75965,28.19,0,66064,256,37
2018-09-14,76502,24.43,100000,89562,257,37
2018-09-15,81006,31.2,100000,108556,258,37
2018-09-16,78073,22.21,100000,130483,259,37
2018-09-17,86798,23.99,100000,143685,260,38
2018-09-18,75944,30.64,0,67741,261,38
2018-09-19,79920,23.44,100000,87821,262,38
2018-09-20,85317,29.78,100000,102504,263,38
2018-09-21,80525,28.86,100000,121979,264,38
2018-09-22,84006,22.81,100000,137973,265,38
2018-09-23,82577,27.33,0,55396,266,38
2018-09-24,82711,27.65,100000,72685,267,39
2018-09-25,95572,29.73,100000,77113,268,39
2018-09-26,94795,25.37,100000,82318,269,39
2018-09-27,91492,26.01,100000,90826,270,39
2018-09-28,100966,30.74,100000,89860,271,39
2018-09-29,97157,23.99,100000,92703,272,39
2018-09-30,96155,31.08,100000,96548,273,39
2018-10-01,105113,30.71,100000,91435,274,40
2018-10-02,103964,30.71,100000,87471,275,40
2018-10-03,102042,25.62,100000,85429,276,40
2018-10-04,114419,27.35,100000,71010,277,40
2018-10-05,115116,26.61,100000,55894,278,40
2018-10-06,73728,29.86,100000,82166,279,40
2018-10-07,77713,27.16,100000,104453,280,40
2018-10-08,77071,25.97,100000,127382,281,41
2018-10-09,71246,22.69,0,56136,282,41
2018-10-10,74019,24.11,100000,82117,283,41
2018-10-11,78800,28.41,100000,103317,284,41
2018-10-12,76193,21.9,100000,127124,285,41
2018-10-13,77325,27.65,100000,149799,286,41
2018-10-14,79643,21.62,0,70156,287,41
2018-10-15,76290,27.62,100000,93866,288,42
2018-10-16,76272,29.62,100000,117594,289,42
2018-10-17,80161,21.68,100000,137433,290,42
2018-10-18,86674,17.05,0,50759,291,42
2018-10-19,77982,25.53,100000,72777,292,42
2018-10-20,74713,18.88,100000,98064,293,42
2018-10-21,78318,25.07,100000,119746,294,42
2018-10-22,82904,26.44,100000,136842,295,43
2018-10-23,89452,18.95,100000,147390,296,43
2018-10-24,71459,23.44,0,75931,297,43
2018-10-25,79777,24.92,100000,96154,298,43
2018-10-26,74779,22.14,100000,121375,299,43
2018-10-27,86201,18.3,100000,135174,300,43
2018-10-28,76352,16.43,0,58822,301,43
2018-10-29,82080,21.09,100000,76742,302,44
2018-10-30,75335,21.59,100000,101407,303,44
2018-10-31,76503,15.76,100000,124904,304,44
2018-11-01,79398,16.6,100000,145506,305,44
2018-11-02,82806,18.54,0,62700,306,44
2018-11-03,79939,19.96,100000,82761,307,44
2018-11-04,82289,19.71,100000,100472,308,44
2018-11-05,81490,15.73,100000,118982,309,45
2018-11-06,83251,22.49,100000,135731,310,45
2018-11-07,82733,19.87,0,52998,311,45
2018-11-08,76963,16.04,100000,76035,312,45
2018-11-09,85614,17.28,100000,90421,313,45
2018-11-10,85594,21.51,100000,104827,314,45
2018-11-11,82327,19.17,100000,122500,315,45
2018-11-12,82293,19.98,100000,140207,316,46
2018-11-13,85783,21.68,0,54424,317,46
2018-11-14,82642,12.71,100000,71782,318,46
2018-11-15,81987,13.14,100000,89795,319,46
2018-11-16,79828,15.82,100000,109967,320,46
2018-11-17,85838,13.33,100000,124129,321,46
2018-11-18,88462,20.65,100000,135667,322,46
2018-11-19,89745,16.39,100000,145922,323,47
2018-11-20,87665,17.1,0,58257,324,47
2018-11-21,86055,18.1,100000,72202,325,47
2018-11-22,89403,19.26,100000,82799,326,47
2018-11-23,87087,12.54,100000,95712,327,47
2018-11-24,91611,15.54,100000,104101,328,47
2018-11-25,86159,22.32,100000,117942,329,47
2018-11-26,88274,15.99,100000,129668,330,48
2018-11-27,79387,16.87,0,50281,331,48
2018-11-28,81235,18.93,100000,69046,332,48
2018-11-29,88698,20.46,100000,80348,333,48
2018-11-30,84741,12.04,100000,95607,334,48
2018-12-01,88535,16.04,100000,107072,335,48
2018-12-02,89487,14.7,100000,117585,336,48
2018-12-03,84480,17.81,100000,133105,337,49
2018-12-04,84992,15.13,100000,148113,338,49
2018-12-05,81631,17.91,0,66482,339,49
2018-12-06,82555,16.99,100000,83927,340,49
2018-12-07,88665,11.39,100000,95262,341,49
2018-12-08,85975,13.77,100000,109287,342,49
2018-12-09,84288,16.39,100000,124999,343,49
2018-12-10,90603,10.89,100000,134396,344,50
2018-12-11,91379,10.88,100000,143017,345,50
2018-12-12,85876,14.96,0,57141,346,50
2018-12-13,85363,16.55,100000,71778,347,50
2018-12-14,88796,9.73,100000,82982,348,50
2018-12-15,90948,16.84,100000,92034,349,50
2018-12-16,89726,10.97,100000,102308,350,50
2018-12-17,88531,15,100000,113777,351,51
2018-12-18,87660,11.51,100000,126117,352,51
2018-12-19,89156,11.05,100000,136961,353,51
2018-12-20,85603,10.94,0,51358,354,51
2018-12-21,87005,14.22,100000,64353,355,51
2018-12-22,89844,14.73,100000,74509,356,51
2018-12-23,87357,14.28,100000,87152,357,51
2018-12-24,85444,13.02,100000,101708,358,52
2018-12-25,91964,11.88,100000,109744,359,52
2018-12-26,88894,17.62,100000,120850,360,52
2018-12-27,94084,12.47,100000,126766,361,52
2018-12-28,93950,17.07,100000,132816,362,52
2018-12-29,92528,11.86,100000,140288,363,52
2018-12-30,94855,12.42,100000,145433,364,52
2018-12-31,93999,12.96,0,51434,365,1
2019-01-01,87832,14.65,100000,63602,1,1
2019-01-02,89786,14.47,100000,73816,2,1
2019-01-03,89308,11.01,100000,84508,3,1
2019-01-04,93784,13.27,100000,90724,4,1
2019-01-05,92888,18.68,100000,97836,5,1
2019-01-06,98343,13.89,100000,99493,6,1
2019-01-07,93223,18.81,100000,106270,7,2
2019-01-08,96283,15.4,100000,109987,8,2
2019-01-09,96664,17,100000,113323,9,2
2019-01-10,93427,14.51,100000,119896,10,2
2019-01-11,105908,10.41,100000,113988,11,2
2019-01-12,100613,6.63,100000,113375,12,2
2019-01-13,100517,12.7,100000,112858,13,2
2019-01-14,99627,13.26,100000,113231,14,3
2019-01-15,96822,8.8,100000,116409,15,3
2019-01-16,100435,14.32,100000,115974,16,3
2019-01-17,97758,10.41,100000,118216,17,3
2019-01-18,96181,8.76,100000,122035,18,3
2019-01-19,99432,12.88,100000,122603,19,3
2019-01-20,100041,15.22,100000,122562,20,3
2019-01-21,104849,11.28,100000,117713,21,4
2019-01-22,96909,13.72,100000,120804,22,4
2019-01-23,107710,15.79,100000,113094,23,4
2019-01-24,103250,11.28,100000,109844,24,4
2019-01-25,98916,10.41,100000,110928,25,4
2019-01-26,103345,7.09,100000,107583,26,4
2019-01-27,102264,12.54,100000,105319,27,4
2019-01-28,102808,9.94,100000,102511,28,5
2019-01-29,105663,7.36,100000,96848,29,5
2019-01-30,100616,13.98,100000,96232,30,5
2019-01-31,103383,15.67,100000,92849,31,5
2019-02-01,107563,17.72,100000,85286,32,5
2019-02-02,99973,14.55,100000,85313,33,5
2019-02-03,103253,16.73,100000,82060,34,5
2019-02-04,112586,12.81,100000,69474,35,6
2019-02-05,108113,17.5,100000,61361,36,6
2019-02-06,99270,15.85,100000,62091,37,6
2019-02-07,104328,14.87,100000,57763,38,6
2019-02-08,110226,19.09,200000,147537,39,6
2019-02-09,107151,16.92,100000,140386,40,6
2019-02-10,102257,16.54,100000,138129,41,6
2019-02-11,101853,21.07,100000,136276,42,7
2019-02-12,105653,18.7,100000,130623,43,7
2019-02-13,112639,21.11,100000,117984,44,7
2019-02-14,114945,19.4,100000,103039,45,7
2019-02-15,104985,18.21,100000,98054,46,7
2019-02-16,114352,15.26,100000,83702,47,7
2019-02-17,110507,17.27,100000,73195,48,7
2019-02-18,110473,16.25,100000,62722,49,8
2019-02-19,111303,11.97,100000,51419,50,8
2019-02-20,117345,15.54,200000,134074,51,8
2019-02-21,113594,19.77,100000,120480,52,8
2019-02-22,115216,17.07,100000,105264,53,8
2019-02-23,119144,24.6,100000,86120,54,8
2019-02-24,111851,20.66,100000,74269,55,8
2019-02-25,115582,20.47,100000,58687,56,9
2019-02-26,118870,21.49,200000,139817,57,9
2019-02-27,114608,19.58,100000,125209,58,9
2019-02-28,113408,23.12,100000,111801,59,9
2019-03-01,114631,19.99,100000,97170,60,9
2019-03-02,107389,18.04,100000,89781,61,9
2019-03-03,116287,20.83,100000,73494,62,9
2019-03-04,125242,25.89,200000,148252,63,10
2019-03-05,116679,18.39,100000,131573,64,10
2019-03-06,118977,23.91,100000,112596,65,10
2019-03-07,118167,26.97,100000,94429,66,10
2019-03-08,112813,23.71,100000,81616,67,10
2019-03-09,115901,25.28,100000,65715,68,10
2019-03-10,121887,21.6,200000,143828,69,10
2019-03-11,111202,21.58,100000,132626,70,11
2019-03-12,122534,22.03,100000,110092,71,11
2019-03-13,115624,20.95,100000,94468,72,11
2019-03-14,122627,18.27,100000,71841,73,11
2019-03-15,124978,27.39,200000,146863,74,11
2019-03-16,121363,22.62,100000,125500,75,11
2019-03-17,119845,23.66,100000,105655,76,11
2019-03-18,131701,21.47,100000,73954,77,12
2019-03-19,123145,27.18,100000,50809,78,12
2019-03-20,121909,20.5,200000,128900,79,12
2019-03-21,127318,24.75,100000,101582,80,12
2019-03-22,121950,23.49,100000,79632,81,12
2019-03-23,124923,28.29,100000,54709,82,12
2019-03-24,116822,28.17,200000,137887,83,12
2019-03-25,126385,26.38,100000,111502,84,13
2019-03-26,128532,23.68,100000,82970,85,13
2019-03-27,120465,27.16,100000,62505,86,13
2019-03-28,131885,26.19,200000,130620,87,13
2019-03-29,130812,25.33,100000,99808,88,13
2019-03-30,130265,31.79,100000,69543,89,13
2019-03-31,122509,30.84,200000,147034,90,13
2019-04-01,131741,22.75,100000,115293,91,14
2019-04-02,138745,24.98,100000,76548,92,14
2019-04-03,131908,20.5,200000,144640,93,14
2019-04-04,134716,28.49,100000,109924,94,14
2019-04-05,128643,28.03,100000,81281,95,14
2019-04-06,130775,33.44,100000,50506,96,14
2019-04-07,133697,24.52,200000,116809,97,14
2019-04-08,134738,23.42,100000,82071,98,15
2019-04-09,133725,29.86,200000,148346,99,15
2019-04-10,135762,25.86,100000,112584,100,15
2019-04-11,141805,26.78,100000,70779,101,15
2019-04-12,134573,32.78,200000,136206,102,15
2019-04-13,136474,32.16,100000,99732,103,15
2019-04-14,138256,27.21,100000,61476,104,15
2019-04-15,143965,32.42,200000,117511,105,16
2019-04-16,137183,30.41,100000,80328,106,16
2019-04-17,139453,32.93,200000,140875,107,16
2019-04-18,139607,31,100000,101268,108,16
2019-04-19,138620,30.03,100000,62648,109,16
2019-04-20,131489,30.01,200000,131159,110,16
2019-04-21,138893,24.72,100000,92266,111,16
2019-04-22,131796,30.64,100000,60470,112,17
2019-04-23,145690,27.12,200000,114780,113,17
2019-04-24,140086,27.33,100000,74694,114,17
2019-04-25,138084,25.51,200000,136610,115,17
2019-04-26,140645,30.97,100000,95965,116,17
2019-04-27,144405,28.03,100000,51560,117,17
2019-04-28,144586,37.15,200000,106974,118,17
2019-04-29,144185,31.65,100000,62789,119,18
2019-04-30,142062,37.64,200000,120727,120,18
2019-05-01,148781,28.83,100000,71946,121,18
2019-05-02,144404,35.3,200000,127542,122,18
2019-05-03,144781,29.62,100000,82761,123,18
2019-05-04,145701,28.63,200000,137060,124,18
2019-05-05,146431,30.83,100000,90629,125,18
2019-05-06,144671,35.66,200000,145958,126,19
2019-05-07,142489,32.86,100000,103469,127,19
2019-05-08,144293,27.74,100000,59176,128,19
2019-05-09,156490,29.54,200000,102686,129,19
2019-05-10,153720,34.63,200000,148966,130,19
2019-05-11,147862,37.47,100000,101104,131,19
2019-05-12,149219,33.29,100000,51885,132,19
2019-05-13,161475,28.49,200000,90410,133,20
2019-05-14,149322,27.65,200000,141088,134,20
2019-05-15,159030,35.28,100000,82058,135,20
2019-05-16,154201,36.99,200000,127857,136,20
2019-05-17,147623,29.14,100000,80234,137,20
2019-05-18,151438,26.73,200000,128796,138,20
2019-05-19,150749,21.8,100000,78047,139,20
2019-05-20,156565,21.41,200000,121482,140,21
2019-05-21,154336,24.37,100000,67146,141,21
2019-05-22,153567,27.52,200000,113579,142,21
2019-05-23,159938,31.78,100000,53641,143,21
2019-05-24,153789,34.09,200000,99852,144,21
2019-05-25,163258,34.89,200000,136594,145,21
2019-05-26,159122,34.95,100000,77472,146,21
2019-05-27,162160,36.82,200000,115312,147,22
2019-05-28,166638,29.12,200000,148674,148,22
2019-05-29,164912,38.1,100000,83762,149,22
2019-05-30,158044,33.72,200000,125718,150,22
2019-05-31,162575,38.78,100000,63143,151,22
2019-06-01,164539,34.04,200000,98604,152,22
2019-06-02,158666,35.35,200000,139938,153,22
2019-06-03,165979,35.74,100000,73959,154,23
2019-06-04,168757,34.08,200000,105202,155,23
2019-06-05,166279,35.09,200000,138923,156,23
2019-06-06,159862,38.64,100000,79061,157,23
2019-06-07,165465,36.01,200000,113596,158,23
2019-06-08,174459,41.56,200000,139137,159,23
2019-06-09,163359,32.54,100000,75778,160,23
2019-06-10,174205,39.46,200000,101573,161,24
2019-06-11,165193,37.88,200000,136380,162,24
2019-06-12,171249,39.79,100000,65131,163,24
2019-06-13,169004,35.87,200000,96127,164,24
2019-06-14,176733,29.52,200000,119394,165,24
2019-06-15,165281,32.56,100000,54113,166,24
2019-06-16,165412,32.55,200000,88701,167,24
2019-06-17,175958,33.79,200000,112743,168,25
2019-06-18,173557,27.02,200000,139186,169,25
2019-06-19,170076,26.26,100000,69110,170,25
2019-06-20,177791,29.29,200000,91319,171,25
2019-06-21,172900,32.7,200000,118419,172,25
2019-06-22,179825,32.39,200000,138594,173,25
2019-06-23,175171,40.1,100000,63423,174,25
2019-06-24,174192,30.47,200000,89231,175,26
2019-06-25,177524,33.09,200000,111707,176,26
2019-06-26,177188,33.07,200000,134519,177,26
2019-06-27,177290,34.65,100000,57229,178,26
2019-06-28,174949,31.73,200000,82280,179,26
2019-06-29,176602,39.4,200000,105678,180,26
2019-06-30,191099,40.75,200000,114579,181,26
2019-07-01,185481,42.99,200000,129098,182,27
2019-07-02,185516,34.68,200000,143582,183,27
2019-07-03,181194,34.16,100000,62388,184,27
2019-07-04,184284,38.48,200000,78104,185,27
2019-07-05,186702,41.57,200000,91402,186,27
2019-07-06,191454,35.63,200000,99948,187,27
2019-07-07,187871,40.44,200000,112077,188,27
2019-07-08,194094,38.17,200000,117983,189,28
2019-07-09,187288,35.83,200000,130695,190,28
2019-07-10,187830,36.86,200000,142865,191,28
2019-07-11,188459,33.43,100000,54406,192,28
2019-07-12,190406,31.44,200000,64000,193,28
2019-07-13,191968,28.83,200000,72032,194,28
2019-07-14,194930,20.45,200000,77102,195,28
2019-07-15,185458,30.86,200000,91644,196,29
2019-07-16,191238,37.9,200000,100406,197,29
2019-07-17,183804,35.31,200000,116602,198,29
2019-07-18,192017,28.74,200000,124585,199,29
2019-07-19,194942,21.76,200000,129643,200,29
2019-07-20,196702,30.56,200000,132941,201,29
2019-07-21,201627,33.49,200000,131314,202,29
2019-07-22,194483,26.34,200000,136831,203,30
2019-07-23,200963,24.94,200000,135868,204,30
2019-07-24,191067,34.38,200000,144801,205,30
2019-07-25,199633,34.61,200000,145168,206,30
2019-07-26,199242,26.2,200000,145926,207,30
2019-07-27,199981,27.72,200000,145945,208,30
2019-07-28,196435,25.43,200000,149510,209,30
2019-07-29,201341,33.2,200000,148169,210,31
2019-07-30,201292,32.92,200000,146877,211,31
2019-07-31,202233,31.74,200000,144644,212,31
2019-08-01,205154,28.12,200000,139490,213,31
2019-08-02,205159,20.96,200000,134331,214,31
2019-08-03,200201,27.42,200000,134130,215,31
2019-08-04,211660,33.04,200000,122470,216,31
2019-08-05,202084,30.72,200000,120386,217,32
2019-08-06,203824,30.88,200000,116562,218,32
2019-08-07,208974,27.51,200000,107588,219,32
2019-08-08,211371,26.16,200000,96217,220,32
2019-08-09,203231,30.66,200000,92986,221,32
2019-08-10,212500,26.69,200000,80486,222,32
2019-08-11,203264,27.86,200000,77222,223,32
2019-08-12,214021,28.23,200000,63201,224,33
2019-08-13,205732,35.55,200000,57469,225,33
2019-08-14,213659,34.15,300000,143810,226,33
2019-08-15,207872,30.44,200000,135938,227,33
2019-08-16,211113,35.02,200000,124825,228,33
2019-08-17,209542,31.28,200000,115283,229,33
2019-08-18,215479,32.78,200000,99804,230,33
2019-08-19,222813,30.49,200000,76991,231,34
2019-08-20,218827,24.56,200000,58164,232,34
2019-08-21,222200,28.07,300000,135964,233,34
2019-08-22,215849,25.68,200000,120115,234,34
2019-08-23,225279,29.72,200000,94836,235,34
2019-08-24,221124,27.45,200000,73712,236,34
2019-08-25,219418,28.26,200000,54294,237,34
2019-08-26,221305,31.02,300000,132989,238,35
2019-08-27,226110,27.25,200000,106879,239,35
2019-08-28,224532,23.41,200000,82347,240,35
2019-08-29,217302,29.29,200000,65045,241,35
2019-08-30,225584,22.28,300000,139461,242,35
2019-08-31,223839,26.03,200000,115622,243,35
2019-09-01,99142,26.67,100000,116480,244,35
2019-09-02,98770,20.96,100000,117710,245,36
2019-09-03,101470,30.68,100000,116240,246,36
2019-09-04,99318,28.06,100000,116922,247,36
2019-09-05,103764,26.69,100000,113158,248,36
2019-09-06,98538,24.26,100000,114620,249,36
2019-09-07,101049,28.27,100000,113571,250,36
2019-09-08,106561,27.69,100000,107010,251,36
2019-09-09,101330,28.85,100000,105680,252,37
2019-09-10,102103,31.4,100000,103577,253,37
2019-09-11,102273,23.95,100000,101304,254,37
2019-09-12,102254,26.67,100000,99050,255,37
2019-09-13,101019,29.65,100000,98031,256,37
2019-09-14,102979,26.98,100000,95052,257,37
2019-09-15,102776,25.4,100000,92276,258,37
2019-09-16,107680,24.17,100000,84596,259,38
2019-09-17,108506,22.71,100000,76090,260,38
2019-09-18,100721,26.72,100000,75369,261,38
2019-09-19,108184,30.68,100000,67185,262,38
2019-09-20,110392,23.47,100000,56793,263,38
2019-09-21,110547,32.65,200000,146246,264,38
2019-09-22,117427,31.99,100000,128819,265,38
2019-09-23,107706,23.96,100000,121113,266,39
2019-09-24,116431,23.47,100000,104682,267,39
2019-09-25,118681,29.21,100000,86001,268,39
2019-09-26,116037,26.5,100000,69964,269,39
2019-09-27,120364,23.46,200000,149600,270,39
2019-09-28,122570,30.68,100000,127030,271,39
2019-09-29,124674,26.66,100000,102356,272,39
2019-09-30,118224,25.01,100000,84132,273,40
2019-10-01,126582,33.27,100000,57550,274,40
2019-10-02,131213,32.24,200000,126337,275,40
2019-10-03,133771,32.48,100000,92566,276,40
2019-10-04,138714,25.66,100000,53852,277,40
2019-10-05,139463,27.8,200000,114389,278,40
2019-10-06,105670,29.41,100000,108719,279,40
2019-10-07,105786,28.59,100000,102933,280,41
2019-10-08,109700,25.11,100000,93233,281,41
2019-10-09,103980,31.03,100000,89253,282,41
2019-10-10,103255,24.65,100000,85998,283,41
2019-10-11,103796,26.18,100000,82202,284,41
2019-10-12,98016,24,100000,84186,285,41
2019-10-13,107599,24.61,100000,76587,286,41
2019-10-14,108378,19.05,100000,68209,287,42
2019-10-15,99740,23.51,100000,68469,288,42
2019-10-16,106005,21.27,100000,62464,289,42
2019-10-17,99784,23.59,100000,62680,290,42
2019-10-18,103175,14.65,100000,59505,291,42
2019-10-19,104963,22.49,100000,54542,292,42
2019-10-20,110670,19.15,200000,143872,293,42
2019-10-21,109043,20.2,100000,134829,294,43
2019-10-22,104369,20.91,100000,130460,295,43
2019-10-23,105088,21.15,100000,125372,296,43
2019-10-24,103946,26.27,100000,121426,297,43
2019-10-25,101080,18.94,100000,120346,298,43
2019-10-26,103079,23.23,100000,117267,299,43
2019-10-27,107887,24.73,100000,109380,300,43
2019-10-28,106914,15.27,100000,102466,301,44
2019-10-29,107784,23.34,100000,94682,302,44
2019-10-30,106420,21.18,100000,88262,303,44
2019-10-31,106137,24.56,100000,82125,304,44
2019-11-01,106525,15.26,100000,75600,305,44
2019-11-02,105431,18.17,100000,70169,306,44
2019-11-03,103346,21.44,100000,66823,307,44
2019-11-04,107317,17.4,100000,59506,308,45
2019-11-05,102877,17.03,100000,56629,309,45
2019-11-06,102283,24.72,100000,54346,310,45
2019-11-07,109133,15.21,200000,145213,311,45
2019-11-08,105669,15.62,100000,139544,312,45
2019-11-09,110741,22.3,100000,128803,313,45
2019-11-10,109687,14.19,100000,119116,314,45
2019-11-11,108096,17.44,100000,111020,315,46
2019-11-12,101900,14.29,100000,109120,316,46
2019-11-13,111731,19.99,100000,97389,317,46
2019-11-14,107870,13.38,100000,89519,318,46
2019-11-15,118888,13.25,100000,70631,319,46
2019-11-16,112600,21.52,100000,58031,320,46
2019-11-17,117194,11.05,200000,140837,321,46
2019-11-18,107043,11.61,100000,133794,322,47
2019-11-19,112909,18.04,100000,120885,323,47
2019-11-20,112140,15.68,100000,108745,324,47
2019-11-21,111168,19.96,100000,97577,325,47
2019-11-22,110000,19.56,100000,87577,326,47
2019-11-23,115082,12.93,100000,72495,327,47
2019-11-24,111612,19.65,100000,60883,328,47
2019-11-25,117267,19.23,200000,143616,329,48
2019-11-26,112132,12.64,100000,131484,330,48
2019-11-27,111321,20.03,100000,120163,331,48
2019-11-28,111096,17.99,100000,109067,332,48
2019-11-29,115693,15.67,100000,93374,333,48
2019-11-30,107060,11.08,100000,86314,334,48
2019-12-01,105496,10.9,100000,80818,335,48
2019-12-02,112801,13.99,100000,68017,336,49
2019-12-03,111130,13.84,100000,56887,337,49
2019-12-04,112742,12.99,200000,144145,338,49
2019-12-05,112312,15.86,100000,131833,339,49
2019-12-06,114803,21.51,100000,117030,340,49
2019-12-07,113877,20.17,100000,103153,341,49
2019-12-08,111625,15.51,100000,91528,342,49
2019-12-09,120338,13.02,100000,71190,343,50
2019-12-10,112312,17.73,100000,58878,344,50
2019-12-11,111287,10.59,200000,147591,345,50
2019-12-12,121026,11.22,100000,126565,346,50
2019-12-13,118978,16.25,100000,107587,347,50
2019-12-14,118717,16.72,100000,88870,348,50
2019-12-15,118708,15.42,100000,70162,349,50
2019-12-16,113039,12.14,100000,57123,350,51
2019-12-17,115313,8.27,200000,141810,351,51
2019-12-18,119590,6.36,100000,122220,352,51
2019-12-19,117549,6.55,100000,104671,353,51
2019-12-20,127672,7.86,100000,76999,354,51
2019-12-21,116667,16.31,100000,60332,355,51
2019-12-22,120338,15.73,200000,139994,356,51
2019-12-23,127803,12.84,100000,112191,357,52
2019-12-24,115333,11.91,100000,96858,358,52
2019-12-25,119881,12.84,100000,76977,359,52
2019-12-26,119499,10.25,100000,57478,360,52
2019-12-27,125616,12.12,200000,131862,361,52
2019-12-28,119155,10.04,100000,112707,362,52
2019-12-29,117247,15.47,100000,95460,363,52
2019-12-30,115673,7.91,100000,79787,364,1
2019-12-31,119524,14.18,100000,60263,365,1
2020-01-01,120148,13.01,200000,140115,1,1
2020-01-02,129082,17.71,100000,111033,2,1
2020-01-03,126238,17.56,100000,84795,3,1
2020-01-04,123030,13.04,100000,61765,4,1
2020-01-05,113439,17.81,200000,148326,5,1
2020-01-06,121465,15.7,100000,126861,6,2
2020-01-07,117468,9.01,100000,109393,7,2
2020-01-08,123395,16.79,100000,85998,8,2
2020-01-09,126287,13.38,100000,59711,9,2
2020-01-10,122154,7.73,200000,137557,10,2
2020-01-11,129037,14.93,100000,108520,11,2
2020-01-12,126346,9.14,100000,82174,12,2
2020-01-13,129945,13.95,100000,52229,13,3
2020-01-14,128688,8.07,200000,123541,14,3
2020-01-15,123323,13.67,100000,100218,15,3
2020-01-16,125195,13.15,100000,75023,16,3
2020-01-17,129851,7.67,200000,145172,17,3
2020-01-18,132920,15.22,100000,112252,18,3
2020-01-19,124767,11.93,100000,87485,19,3
2020-01-20,130909,10.36,100000,56576,20,4
2020-01-21,128707,10.98,200000,127869,21,4
2020-01-22,127847,9.59,100000,100022,22,4
2020-01-23,127100,16.35,100000,72922,23,4
2020-01-24,122903,14.54,100000,50019,24,4
2020-01-25,135669,8.29,200000,114350,25,4
2020-01-26,127932,13.53,100000,86418,26,4
2020-01-27,126446,10.37,100000,59972,27,5
2020-01-28,127431,9.88,200000,132541,28,5
2020-01-29,130265,11.36,100000,102276,29,5
2020-01-30,132161,8.72,100000,70115,30,5
2020-01-31,128626,8.66,200000,141489,31,5
2020-02-01,127793,17.69,100000,113696,32,5
2020-02-02,122292,13.59,100000,91404,33,5
2020-02-03,134102,12.73,100000,57302,34,6
2020-02-04,135210,19.48,200000,122092,35,6
2020-02-05,134759,14.04,100000,87333,36,6
2020-02-06,135207,14.97,100000,52126,37,6
2020-02-07,141540,15.39,200000,110586,38,6
2020-02-08,139196,15.92,100000,71390,39,6
2020-02-09,129049,19.32,200000,142341,40,6
2020-02-10,138895,13.66,100000,103446,41,7
2020-02-11,138691,20.76,100000,64755,42,7
2020-02-12,131302,21.03,200000,133453,43,7
2020-02-13,134210,19.8,100000,99243,44,7
2020-02-14,140901,14.86,100000,58342,45,7
2020-02-15,137288,21.76,200000,121054,46,7
2020-02-16,135883,15.96,100000,85171,47,7
2020-02-17,136466,21.19,200000,148705,48,8
2020-02-18,128393,21.41,100000,120312,49,8
2020-02-19,136689,13.82,100000,83623,50,8
2020-02-20,143955,20.22,200000,139668,51,8
2020-02-21,142390,20.54,100000,97278,52,8
2020-02-22,132147,18.8,100000,65131,53,8
2020-02-23,139881,22.01,200000,125250,54,8
2020-02-24,145812,18.32,100000,79438,55,9
2020-02-25,139163,22.38,200000,140275,56,9
2020-02-26,143683,24.66,100000,96592,57,9
2020-02-27,140239,19.41,100000,56353,58,9
2020-02-28,137273,18.77,200000,119080,59,9
2020-02-29,142452,18.74,100000,76628,60,9
2020-03-01,144869,22.87,200000,131759,61,9
2020-03-02,149907,24.03,100000,81852,62,10
2020-03-03,147529,16.25,200000,134323,63,10
2020-03-04,152049,25.03,100000,82274,64,10
2020-03-05,156229,25.27,200000,126045,65,10
2020-03-06,143919,24.22,100000,82126,66,10
2020-03-07,140509,25.38,200000,141617,67,10
2020-03-08,154040,21.28,100000,87577,68,10
2020-03-09,140489,28.31,200000,147088,69,11
2020-03-10,145297,26.13,100000,101791,70,11
2020-03-11,144349,19.52,100000,57442,71,11
2020-03-12,148304,23.92,200000,109138,72,11
2020-03-13,148321,22.98,100000,60817,73,11
2020-03-14,151058,23.76,200000,109759,74,11
2020-03-15,149561,23.19,100000,60198,75,11
2020-03-16,147612,22.64,200000,112586,76,12
2020-03-17,154988,29.58,100000,57598,77,12
2020-03-18,145330,22.5,200000,112268,78,12
2020-03-19,151804,26.1,100000,60464,79,12
2020-03-20,146981,26.09,200000,113483,80,12
2020-03-21,151109,22.83,100000,62374,81,12
2020-03-22,153757,24.85,200000,108617,82,12
2020-03-23,152974,25.39,100000,55643,83,13
2020-03-24,147048,25.21,200000,108595,84,13
2020-03-25,149786,23.36,100000,58809,85,13
2020-03-26,145885,23.8,200000,112924,86,13
2020-03-27,156105,29.15,100000,56819,87,13
2020-03-28,157277,27.4,200000,99542,88,13
2020-03-29,154215,26,200000,145327,89,13
2020-03-30,157536,25.2,100000,87791,90,14
2020-03-31,154405,29.75,200000,133386,91,14
2020-04-01,162922,28.08,100000,70464,92,14
2020-04-02,159574,29.45,200000,110890,93,14
2020-04-03,159830,29.05,100000,51060,94,14
2020-04-04,157515,28.41,200000,93545,95,14
2020-04-05,161397,35.38,200000,132148,96,14
2020-04-06,161566,32.29,100000,70582,97,15
2020-04-07,156260,31.79,200000,114322,98,15
2020-04-08,165025,22.33,200000,149297,99,15
2020-04-09,160298,29.55,100000,88999,100,15
2020-04-10,161805,27.03,200000,127194,101,15
2020-04-11,160532,25.95,100000,66662,102,15
2020-04-12,161403,27.07,200000,105259,103,15
2020-04-13,163718,33.24,200000,141541,104,16
2020-04-14,161677,33.07,100000,79864,105,16
2020-04-15,160681,35.98,200000,119183,106,16
2020-04-16,162760,26.48,100000,56423,107,16
2020-04-17,159764,33.12,200000,96659,108,16
2020-04-18,163623,30.76,200000,133036,109,16
2020-04-19,161562,32.8,100000,71474,110,16
2020-04-20,172490,29.07,200000,98984,111,17
2020-04-21,164477,21.06,200000,134507,112,17
2020-04-22,169759,30.55,100000,64748,113,17
2020-04-23,167067,29.4,200000,97681,114,17
2020-04-24,171715,27.5,200000,125966,115,17
2020-04-25,172586,26.46,100000,53380,116,17
2020-04-26,162362,29.08,200000,91018,117,17
2020-04-27,158859,27.51,200000,132159,118,18
2020-04-28,166381,33.82,100000,65778,119,18
2020-04-29,166294,37.25,200000,99484,120,18
2020-04-30,173610,38.35,200000,125874,121,18
2020-05-01,169022,29.01,100000,56852,122,18
2020-05-02,173362,31.11,200000,83490,123,18
2020-05-03,174429,36.09,200000,109061,124,18
2020-05-04,172255,37.16,200000,136806,125,19
2020-05-05,168279,28.52,100000,68527,126,19
2020-05-06,172984,36.25,200000,95543,127,19
2020-05-07,165007,36.51,200000,130536,128,19
2020-05-08,180056,33.65,100000,50480,129,19
2020-05-09,176358,36.58,200000,74122,130,19
2020-05-10,183130,34.4,200000,90992,131,19
2020-05-11,179861,32.99,200000,111131,132,20
2020-05-12,180926,30.96,200000,130205,133,20
2020-05-13,176196,33.33,100000,54009,134,20
2020-05-14,177210,27.29,200000,76799,135,20
2020-05-15,187356,30.84,200000,89443,136,20
2020-05-16,178943,33.55,200000,110500,137,20
2020-05-17,176729,27.14,200000,133771,138,20
2020-05-18,175421,29.29,100000,58350,139,21
2020-05-19,179183,19.57,200000,79167,140,21
2020-05-20,175866,21.6,200000,103301,141,21
2020-05-21,188104,28.25,200000,115197,142,21
2020-05-22,182615,33.31,200000,132582,143,21
2020-05-23,183483,25.37,200000,149099,144,21
2020-05-24,188033,35.86,100000,61066,145,21
2020-05-25,186063,32.17,200000,75003,146,22
2020-05-26,184452,35.19,200000,90551,147,22
2020-05-27,187290,30.95,200000,103261,148,22
2020-05-28,179106,32.98,200000,124155,149,22
2020-05-29,187009,35.46,200000,137146,150,22
2020-05-30,196835,38.42,200000,140311,151,22
2020-05-31,191821,31.85,200000,148490,152,22
2020-06-01,191074,34.51,100000,57416,153,23
2020-06-02,195276,31.21,200000,62140,154,23
2020-06-03,193301,36.47,200000,68839,155,23
2020-06-04,192883,34.41,200000,75956,156,23
2020-06-05,187023,32.39,200000,88933,157,23
2020-06-06,185038,38,200000,103895,158,23
2020-06-07,187746,35.15,200000,116149,159,23
2020-06-08,196358,41.54,200000,119791,160,24
2020-06-09,194432,36.68,200000,125359,161,24
2020-06-10,191569,35.97,200000,133790,162,24
2020-06-11,198266,33.81,200000,135524,163,24
2020-06-12,199341,35.2,200000,136183,164,24
2020-06-13,191528,37.14,200000,144655,165,24
2020-06-14,199945,36.73,200000,144710,166,24
2020-06-15,202568,31.01,200000,142142,167,25
2020-06-16,197002,30.54,200000,145140,168,25
2020-06-17,205305,37.9,200000,139835,169,25
2020-06-18,194635,23.17,200000,145200,170,25
2020-06-19,205519,25.33,200000,139681,171,25
2020-06-20,196275,27.51,200000,143406,172,25
2020-06-21,208660,29.78,200000,134746,173,25
2020-06-22,209332,36.3,200000,125414,174,26
2020-06-23,204546,35.37,200000,120868,175,26
2020-06-24,208545,36.09,200000,112323,176,26
2020-06-25,205241,33.73,200000,107082,177,26
2020-06-26,206102,32.97,200000,100980,178,26
2020-06-27,203935,36.59,200000,97045,179,26
2020-06-28,211063,39.57,200000,85982,180,26
2020-06-29,215315,37.72,200000,70667,181,27
2020-06-30,216377,37.57,200000,54290,182,27
2020-07-01,203480,41.19,200000,50810,183,27
2020-07-02,207357,38.88,300000,143453,184,27
2020-07-03,211114,33.44,200000,132339,185,27
2020-07-04,213061,35.28,200000,119278,186,27
2020-07-05,213750,34.37,200000,105528,187,27
2020-07-06,217748,40.08,200000,87780,188,28
2020-07-07,209236,39.94,200000,78544,189,28
2020-07-08,213661,35.62,200000,64883,190,28
2020-07-09,219746,37.94,300000,145137,191,28
2020-07-10,217907,34.97,200000,127230,192,28
2020-07-11,213056,38.24,200000,114174,193,28
2020-07-12,217741,29.22,200000,96433,194,28
2020-07-13,223388,28.23,200000,73045,195,29
2020-07-14,213271,27.33,200000,59774,196,29
2020-07-15,213595,27.93,300000,146179,197,29
2020-07-16,227773,28.17,200000,118406,198,29
2020-07-17,223533,29.97,200000,94873,199,29
2020-07-18,219874,32.59,200000,74999,200,29
2020-07-19,219563,24.25,200000,55436,201,29
2020-07-20,218746,25.27,300000,136690,202,30
2020-07-21,218235,25.07,200000,118455,203,30
2020-07-22,219651,22.03,200000,98804,204,30
2020-07-23,213366,24.08,200000,85438,205,30
2020-07-24,226589,29.03,200000,58849,206,30
2020-07-25,220866,27.33,300000,137983,207,30
2020-07-26,226970,26.69,200000,111013,208,30
2020-07-27,228767,32.09,200000,82246,209,31
2020-07-28,227630,24.29,200000,54616,210,31
2020-07-29,227562,30.81,300000,127054,211,31
2020-07-30,227350,27.1,200000,99704,212,31
2020-07-31,229481,24.16,200000,70223,213,31
2020-08-01,227813,30.03,300000,142410,214,31
2020-08-02,229558,24.69,200000,112852,215,31
2020-08-03,231296,29.48,200000,81556,216,32
2020-08-04,237250,28.45,300000,144306,217,32
2020-08-05,226908,26.87,200000,117398,218,32
2020-08-06,239805,32.04,200000,77593,219,32
2020-08-07,235480,27.57,300000,142113,220,32
2020-08-08,234198,31.18,200000,107915,221,32
2020-08-09,238415,24.12,200000,69500,222,32
2020-08-10,239329,26.28,300000,130171,223,33
2020-08-11,238909,33.17,200000,91262,224,33
2020-08-12,235110,27.95,200000,56152,225,33
2020-08-13,240302,29.68,300000,115850,226,33
2020-08-14,232612,28.06,200000,83238,227,33
2020-08-15,241064,36,300000,142174,228,33
2020-08-16,245472,29.94,200000,96702,229,33
2020-08-17,242532,27.05,200000,54170,230,34
2020-08-18,247395,32.1,300000,106775,231,34
2020-08-19,240792,33.42,200000,65983,232,34
2020-08-20,243647,24.43,300000,122336,233,34
2020-08-21,239999,23.65,200000,82337,234,34
2020-08-22,245619,24.13,300000,136718,235,34
2020-08-23,241532,26.15,200000,95186,236,34
2020-08-24,254311,34.57,300000,140875,237,35
2020-08-25,241236,25.01,200000,99639,238,35
2020-08-26,248760,28.37,200000,50879,239,35
2020-08-27,245070,26.28,300000,105809,240,35
2020-08-28,253213,30.04,200000,52596,241,35
2020-08-29,258872,27.42,300000,93724,242,35
2020-08-30,255001,22.59,300000,138723,243,35
2020-08-31,125391,26.11,100000,113332,244,36
2020-09-01,117730,22.25,100000,95602,245,36
2020-09-02,132331,21.07,100000,63271,246,36
2020-09-03,125034,24.94,200000,138237,247,36
2020-09-04,124903,27.32,100000,113334,248,36
2020-09-05,121016,25.05,100000,92318,249,36
2020-09-06,126724,31.58,100000,65594,250,36
2020-09-07,130621,33.18,200000,134973,251,37
2020-09-08,129281,26.66,100000,105692,252,37
2020-09-09,118833,27.66,100000,86859,253,37
2020-09-10,126780,24.51,100000,60079,254,37
2020-09-11,130687,26.32,200000,129392,255,37
2020-09-12,128105,25.78,100000,101287,256,37
2020-09-13,129121,31.34,100000,72166,257,37
2020-09-14,129305,28.05,200000,142861,258,38
2020-09-15,133049,24.43,100000,109812,259,38
2020-09-16,133191,22.42,100000,76621,260,38
2020-09-17,136670,24.28,200000,139951,261,38
2020-09-18,134364,28.57,100000,105587,262,38
2020-09-19,131534,26.39,100000,74053,263,38
2020-09-20,135451,31.32,200000,138602,264,38
2020-09-21,132178,23.6,100000,106424,265,39
2020-09-22,139690,31.64,100000,66734,266,39
2020-09-23,138744,24.62,200000,127990,267,39
2020-09-24,145700,27.97,100000,82290,268,39
2020-09-25,136902,27.6,200000,145388,269,39
2020-09-26,145102,27.67,100000,100286,270,39
2020-09-27,148408,29.33,100000,51878,271,39
2020-09-28,149707,30.1,200000,102171,272,40
2020-09-29,155481,24.57,200000,146690,273,40
2020-09-30,154476,31.34,100000,92214,274,40
2020-10-01,155619,27.85,200000,136595,275,40
2020-10-02,167510,30.36,100000,69085,276,40
2020-10-03,167781,24.08,200000,101304,277,40
2020-10-04,173557,29.23,200000,127747,278,40
2020-10-05,134639,31.15,100000,93108,279,41
2020-10-06,129625,27.26,100000,63483,280,41
2020-10-07,126133,22.06,200000,137350,281,41
2020-10-08,127981,27.43,100000,109369,282,41
2020-10-09,122728,24.68,100000,86641,283,41
2020-10-10,130815,27.74,100000,55826,284,41
2020-10-11,130182,28.47,200000,125644,285,41
2020-10-12,134254,26.48,100000,91390,286,42
2020-10-13,131357,27.66,100000,60033,287,42
2020-10-14,136243,28.34,200000,123790,288,42
2020-10-15,137463,22.25,100000,86327,289,42
2020-10-16,130951,26.3,100000,55376,290,42
2020-10-17,142627,18.65,200000,112749,291,42
2020-10-18,131792,21.36,100000,80957,292,42
2020-10-19,131154,22.69,200000,149803,293,43
2020-10-20,129518,27.74,100000,120285,294,43
2020-10-21,127055,17.93,100000,93230,295,43
2020-10-22,137546,24.54,100000,55684,296,43
2020-10-23,130634,22.97,200000,125050,297,43
2020-10-24,129214,25.48,100000,95836,298,43
2020-10-25,132668,23.05,100000,63168,299,43
2020-10-26,132665,18.54,200000,130503,300,44
2020-10-27,132436,21.19,100000,98067,301,44
2020-10-28,128538,18.74,100000,69529,302,44
2020-10-29,136648,19.01,200000,132881,303,44
2020-10-30,134315,21.17,100000,98566,304,44
2020-10-31,132950,24.3,100000,65616,305,44
2020-11-01,134026,21.59,200000,131590,306,44
2020-11-02,137421,16.38,100000,94169,307,45
2020-11-03,137050,17.67,100000,57119,308,45
2020-11-04,134823,18.55,200000,122296,309,45
2020-11-05,138058,19.53,100000,84238,310,45
2020-11-06,139777,20.79,200000,144461,311,45
2020-11-07,136466,18.98,100000,107995,312,45
2020-11-08,136710,24.37,100000,71285,313,45
2020-11-09,136988,23.71,200000,134297,314,46
2020-11-10,134604,15.19,100000,99693,315,46
2020-11-11,139305,14.3,100000,60388,316,46
2020-11-12,133712,15.53,200000,126676,317,46
2020-11-13,132913,13.91,100000,93763,318,46
2020-11-14,142053,15.97,100000,51710,319,46
2020-11-15,134298,18.56,200000,117412,320,46
2020-11-16,141184,12.31,100000,76228,321,47
2020-11-17,138021,20.06,200000,138207,322,47
2020-11-18,146732,16.19,100000,91475,323,47
2020-11-19,137245,18.05,100000,54230,324,47
2020-11-20,135894,19.82,200000,118336,325,47
2020-11-21,141368,19.71,100000,76968,326,47
2020-11-22,139490,15.95,200000,137478,327,47
2020-11-23,144321,17.53,100000,93157,328,48
2020-11-24,132013,20.24,100000,61144,329,48
2020-11-25,139187,15.8,200000,121957,330,48
2020-11-26,141738,19.22,100000,80219,331,48
2020-11-27,140036,17.73,200000,140183,332,48
2020-11-28,144155,19.19,100000,96028,333,48
2020-11-29,135913,15.87,100000,60115,334,48
2020-11-30,136841,11.15,200000,123274,335,49
2020-12-01,145381,18.04,100000,77893,336,49
2020-12-02,143449,12.06,200000,134444,337,49
2020-12-03,142318,18.16,100000,92126,338,49
2020-12-04,137818,18.02,100000,54308,339,49
2020-12-05,138465,17.83,200000,115843,340,49
2020-12-06,140688,19.56,100000,75155,341,49
2020-12-07,142255,16.04,200000,132900,342,50
2020-12-08,144922,16.5,100000,87978,343,50
2020-12-09,143642,17.88,200000,144336,344,50
2020-12-10,137923,9.65,100000,106413,345,50
2020-12-11,144404,11.22,100000,62009,346,50
2020-12-12,138931,14.91,200000,123078,347,50
2020-12-13,150574,14.01,100000,72504,348,50
2020-12-14,140834,18.25,200000,131670,349,51
2020-12-15,146852,15.26,100000,84818,350,51
2020-12-16,136650,9.31,200000,148168,351,51
2020-12-17,153689,14.35,100000,94479,352,51
2020-12-18,148500,5.48,200000,145979,353,51
2020-12-19,146459,14.2,100000,99520,354,51
2020-12-20,148389,12.75,100000,51131,355,51
2020-12-21,147326,11.71,200000,103805,356,52
2020-12-22,141213,14.06,100000,62592,357,52
2020-12-23,146029,17.02,200000,116563,358,52
2020-12-24,142791,12.48,100000,73772,359,52
2020-12-25,146491,16.07,200000,127281,360,52
2020-12-26,146756,18.23,100000,80525,361,52
2020-12-27,148355,11.64,200000,132170,362,52
2020-12-28,148736,14.03,100000,83434,363,53
2020-12-29,139630,16,200000,143804,364,53
2020-12-30,144614,13.06,100000,99190,365,53
2020-12-31,143747,15.56,100000,55443,366,53
2021-01-01,146860,11.94,200000,108583,1,53
2021-01-02,155554,18.46,100000,53029,2,53
2021-01-03,150120,19.72,200000,102909,3,53
2021-01-04,147065,15.02,100000,55844,4,1
2021-01-05,151068,22.68,200000,104776,5,1
2021-01-06,151388,11.78,100000,53388,6,1
2021-01-07,147415,9.22,200000,105973,7,1
2021-01-08,145670,11.35,100000,60303,8,1
2021-01-09,152637,17.28,200000,107666,9,1
2021-01-10,158833,10.65,200000,148833,10,1
2021-01-11,152988,15.47,100000,95845,11,2
2021-01-12,148593,14.45,200000,147252,12,2
2021-01-13,157713,8.69,100000,89539,13,2
2021-01-14,153157,7.54,200000,136382,14,2
2021-01-15,151396,10.31,100000,84986,15,2
2021-01-16,149941,9.35,200000,135045,16,2
2021-01-17,155461,9.56,100000,79584,17,2
2021-01-18,156391,8.41,200000,123193,18,3
2021-01-19,151705,10.64,100000,71488,19,3
2021-01-20,159248,13.97,200000,112240,20,3
2021-01-21,160680,10.42,100000,51560,21,3
2021-01-22,156715,16.12,200000,94845,22,3
2021-01-23,157113,13.51,200000,137732,23,3
2021-01-24,156506,17.62,100000,81226,24,3
2021-01-25,160387,15.7,200000,120839,25,4
2021-01-26,153338,10.35,100000,67501,26,4
2021-01-27,168503,15.2,200000,98998,27,4
2021-01-28,153094,12.92,200000,145904,28,4
2021-01-29,154020,14.52,100000,91884,29,4
2021-01-30,160191,15.93,200000,131693,30,4
2021-01-31,159590,12.65,100000,72103,31,4
2021-02-01,158947,15.5,200000,113156,32,5
2021-02-02,162929,16.13,100000,50227,33,5
2021-02-03,165105,14.93,200000,85122,34,5
2021-02-04,159150,16.75,200000,125972,35,5
2021-02-05,156214,12.39,100000,69758,36,5
2021-02-06,166811,17.8,200000,102947,37,5
2021-02-07,164585,11.53,200000,138362,38,5
2021-02-08,165949,16.57,100000,72413,39,6
2021-02-09,162000,19.98,200000,110413,40,6
2021-02-10,160326,17.08,100000,50087,41,6
2021-02-11,166296,21.06,200000,83791,42,6
2021-02-12,159104,20.29,200000,124687,43,6
2021-02-13,167356,18.19,100000,57331,44,6
2021-02-14,168504,17.75,200000,88827,45,6
2021-02-15,170188,17.45,200000,118639,46,7
2021-02-16,165158,23.26,100000,53481,47,7
2021-02-17,159893,15.17,200000,93588,48,7
2021-02-18,162444,14.04,200000,131144,49,7
2021-02-19,161646,20.75,100000,69498,50,7
2021-02-20,163567,18.43,200000,105931,51,7
2021-02-21,169865,22.17,200000,136066,52,7
2021-02-22,159928,16.45,100000,76138,53,8
2021-02-23,164391,20.43,200000,111747,54,8
2021-02-24,168578,21.9,200000,143169,55,8
2021-02-25,173185,17.23,100000,69984,56,8
2021-02-26,161057,22.81,200000,108927,57,8
2021-02-27,169182,21.64,200000,139745,58,8
2021-02-28,168380,25.2,100000,71365,59,8
2021-03-01,171606,22.9,200000,99759,60,9
2021-03-02,174235,17.5,200000,125524,61,9
2021-03-03,167500,18.54,100000,58024,62,9
2021-03-04,167345,21.1,200000,90679,63,9
2021-03-05,171235,20.61,200000,119444,64,9
2021-03-06,173931,21.78,200000,145513,65,9
2021-03-07,171257,26.01,100000,74256,66,9
2021-03-08,166301,24.39,200000,107955,67,10
2021-03-09,178203,22.7,200000,129752,68,10
2021-03-10,179292,23.43,100000,50460,69,10
2021-03-11,166698,20.28,200000,83762,70,10
2021-03-12,179175,17.95,200000,104587,71,10
2021-03-13,174198,24.7,200000,130389,72,10
2021-03-14,176747,27.24,100000,53642,73,10
2021-03-15,169055,20.53,200000,84587,74,11
2021-03-16,173607,26.69,200000,110980,75,11
2021-03-17,176436,27.51,200000,134544,76,11
2021-03-18,183005,23.43,100000,51539,77,11
2021-03-19,177216,21.95,200000,74323,78,11
2021-03-20,181034,25.87,200000,93289,79,11
2021-03-21,179105,26.25,200000,114184,80,11
2021-03-22,181321,29.18,200000,132863,81,12
2021-03-23,176233,21.11,100000,56630,82,12
2021-03-24,181493,20.2,200000,75137,83,12
2021-03-25,176401,19.51,200000,98736,84,12
2021-03-26,181360,20.73,200000,117376,85,12
2021-03-27,177873,27.28,200000,139503,86,12
2021-03-28,181466,23.49,100000,58037,87,12
2021-03-29,176382,28.29,200000,81655,88,13
2021-03-30,179726,27.57,200000,101929,89,13
2021-03-31,190414,31.02,200000,111515,90,13
2021-04-01,175827,29.56,200000,135688,91,13
2021-04-02,187514,21.35,200000,148174,92,13
2021-04-03,184290,20.26,100000,63884,93,13
2021-04-04,191598,29.04,200000,72286,94,13
2021-04-05,182605,26.26,200000,89681,95,14
2021-04-06,184946,27.23,200000,104735,96,14
2021-04-07,186490,28.63,200000,118245,97,14
2021-04-08,191349,28.36,200000,126896,98,14
2021-04-09,182469,25.19,200000,144427,99,14
2021-04-10,185877,26.71,100000,58550,100,14
2021-04-11,190263,30.97,200000,68287,101,14
2021-04-12,188177,28.52,200000,80110,102,15
2021-04-13,191679,27.13,200000,88431,103,15
2021-04-14,186401,28.5,200000,102030,104,15
2021-04-15,191500,30.52,200000,110530,105,15
2021-04-16,193541,28.05,200000,116989,106,15
2021-04-17,193846,29.08,200000,123143,107,15
2021-04-18,189375,28.25,200000,133768,108,15
2021-04-19,194211,30.59,200000,139557,109,16
2021-04-20,196273,24.45,200000,143284,110,16
2021-04-21,197468,29.9,200000,145816,111,16
2021-04-22,195006,21.63,100000,50810,112,16
2021-04-23,192113,24.56,200000,58697,113,16
2021-04-24,202526,29.32,200000,56171,114,16
2021-04-25,196451,26.74,200000,59720,115,16
2021-04-26,197525,25.62,200000,62195,116,17
2021-04-27,202129,32.05,200000,60066,117,17
2021-04-28,195754,38.22,200000,64312,118,17
2021-04-29,201679,37.93,200000,62633,119,17
2021-04-30,198432,34.99,200000,64201,120,17
2021-05-01,192378,33.67,200000,71823,121,17
2021-05-02,204368,27.54,200000,67455,122,17
2021-05-03,202534,28.19,200000,64921,123,18
2021-05-04,197010,34.57,200000,67911,124,18
2021-05-05,201555,37.03,200000,66356,125,18
2021-05-06,199271,31.73,200000,67085,126,18
2021-05-07,199984,29.48,200000,67101,127,18
2021-05-08,201065,34.12,200000,66036,128,18
2021-05-09,200851,36.39,200000,65185,129,18
2021-05-10,208746,28.12,200000,56439,130,19
2021-05-11,204821,36.62,200000,51618,131,19
2021-05-12,205089,30.74,300000,146529,132,19
2021-05-13,208331,32.56,200000,138198,133,19
2021-05-14,208930,31.6,200000,129268,134,19
2021-05-15,207264,28.56,200000,122004,135,19
2021-05-16,208006,31.63,200000,113998,136,19
2021-05-17,212712,27.74,200000,101286,137,20
2021-05-18,211728,26.05,200000,89558,138,20
2021-05-19,210999,23.44,200000,78559,139,20
2021-05-20,212349,23.31,200000,66210,140,20
2021-05-21,211215,29.77,200000,54995,141,20
2021-05-22,211555,30.18,300000,143440,142,20
2021-05-23,206746,26.82,200000,136694,143,20
2021-05-24,224122,31.78,200000,112572,144,21
2021-05-25,214954,36.37,200000,97618,145,21
2021-05-26,220118,35.9,200000,77500,146,21
2021-05-27,213927,37.8,200000,63573,147,21
2021-05-28,209362,27.62,200000,54211,148,21
2021-05-29,209989,37.71,300000,144222,149,21
2021-05-30,214827,36,200000,129395,150,21
2021-05-31,219926,39.4,200000,109469,151,22
2021-06-01,209491,26.78,200000,99978,152,22
2021-06-02,213122,36.13,200000,86856,153,22
2021-06-03,217714,33.04,200000,69142,154,22
2021-06-04,217891,37.06,200000,51251,155,22
2021-06-05,216881,33.72,300000,134370,156,22
2021-06-06,218601,38.01,200000,115769,157,22
2021-06-07,220840,37.53,200000,94929,158,23
2021-06-08,225652,32.53,200000,69277,159,23
2021-06-09,219376,36.11,300000,149901,160,23
2021-06-10,224716,40.09,200000,125185,161,23
2021-06-11,227529,39.88,200000,97656,162,23
2021-06-12,222504,33.48,200000,75152,163,23
2021-06-13,219448,31.75,200000,55704,164,23
2021-06-14,219474,35.03,300000,136230,165,24
2021-06-15,220125,30.02,200000,116105,166,24
2021-06-16,225079,32.34,200000,91026,167,24
2021-06-17,226201,32.91,200000,64825,168,24
2021-06-18,227128,25.53,300000,137697,169,24
2021-06-19,213905,25.41,200000,123792,170,24
2021-06-20,225117,29.26,200000,98675,171,24
2021-06-21,229975,35.17,200000,68700,172,25
2021-06-22,228789,37.89,300000,139911,173,25
2021-06-23,225671,37.57,200000,114240,174,25
2021-06-24,227968,33.09,200000,86272,175,25
2021-06-25,231393,38.24,200000,54879,176,25
2021-06-26,233763,33.56,300000,121116,177,25
2021-06-27,230540,36.05,200000,90576,178,25
2021-06-28,237761,33.9,200000,52815,179,26
2021-06-29,239466,31.94,300000,113349,180,26
2021-06-30,235200,41.97,200000,78149,181,26
2021-07-01,233489,35.94,300000,144660,182,26
2021-07-02,235585,33.51,200000,109075,183,26
2021-07-03,235276,38.14,200000,73799,184,26
2021-07-04,235971,33.37,300000,137828,185,26
2021-07-05,245392,37.59,200000,92436,186,27
2021-07-06,240952,38.7,200000,51484,187,27
2021-07-07,237935,39.11,300000,113549,188,27
2021-07-08,236990,39.68,200000,76559,189,27
2021-07-09,241490,37.69,300000,135069,190,27
2021-07-10,243307,38.22,200000,91762,191,27
2021-07-11,242046,33.27,300000,149716,192,27
2021-07-12,249441,29.23,200000,100275,193,28
2021-07-13,240873,26.56,200000,59402,194,28
2021-07-14,244756,24.41,300000,114646,195,28
2021-07-15,239832,33.28,200000,74814,196,28
2021-07-16,243155,33.15,300000,131659,197,28
2021-07-17,247811,36.59,200000,83848,198,28
2021-07-18,251054,28.45,300000,132794,199,28
2021-07-19,246714,21.06,200000,86080,200,29
2021-07-20,247479,24.26,300000,138601,201,29
2021-07-21,252823,34.59,200000,85778,202,29
2021-07-22,249031,22.5,300000,136747,203,29
2021-07-23,258799,30.5,200000,77948,204,29
2021-07-24,250634,33.84,300000,127314,205,29
2021-07-25,248502,35.53,200000,78812,206,29
2021-07-26,254888,28.09,300000,123924,207,30
2021-07-27,261674,31.18,200000,62250,208,30
2021-07-28,249130,29.69,300000,113120,209,30
2021-07-29,252988,27.05,200000,60132,210,30
2021-07-30,254187,28.36,300000,105945,211,30
2021-07-31,257941,25.34,300000,148004,212,30
2021-08-01,254888,25.48,200000,93116,213,30
2021-08-02,256507,29.74,300000,136609,214,31
2021-08-03,253663,26.24,200000,82946,215,31
2021-08-04,263840,32.58,300000,119106,216,31
2021-08-05,255939,25.59,200000,63167,217,31
2021-08-06,259586,27.58,300000,103581,218,31
2021-08-07,262249,29.29,300000,141332,219,31
2021-08-08,257997,29.28,200000,83335,220,31
2021-08-09,261527,23.99,300000,121808,221,32
2021-08-10,267973,31.4,200000,53835,222,32
2021-08-11,262943,25.39,300000,90892,223,32
2021-08-12,272548,35.03,300000,118344,224,32
2021-08-13,267919,34.41,200000,50425,225,32
2021-08-14,273042,27.54,300000,77383,226,32
2021-08-15,265688,36.2,300000,111695,227,32
2021-08-16,268251,32.9,300000,143444,228,33
2021-08-17,268379,34.98,200000,75065,229,33
2021-08-18,263016,30.98,300000,112049,230,33
2021-08-19,273166,30.68,300000,138883,231,33
2021-08-20,277037,27.83,200000,61846,232,33
2021-08-21,273899,26.42,300000,87947,233,33
2021-08-22,270397,31.71,300000,117550,234,33
2021-08-23,272262,24.31,300000,145288,235,34
2021-08-24,271870,30.79,200000,73418,236,34
2021-08-25,275646,25.83,300000,97772,237,34
2021-08-26,278815,25.39,300000,118957,238,34
2021-08-27,279983,33.29,300000,138974,239,34
2021-08-28,276599,30.82,200000,62375,240,34
2021-08-29,279761,30.25,300000,82614,241,34
2021-08-30,285151,22.05,300000,97463,242,35